product,delivery,date,open,high,low,close,settlement,volume,open_interest
lu,2101,2020-06-22,2570,2763,2570,2599,2638,130439,24859
lu,2102,2020-06-22,2489,2831,2489,2665,2715,332,79
lu,2103,2020-06-22,2499,2864,2499,2729,2757,223,67
lu,2104,2020-06-22,2673,2892,2673,2777,2785,36,12
lu,2105,2020-06-22,2883,2949,2752,2773,2829,2669,811
lu,2106,2020-06-22,2782,2938,2782,2831,2863,286,82
lu,2101,2020-06-23,2611,2679,2602,2649,2650,144505,33377
lu,2102,2020-06-23,2588,2748,2588,2710,2698,126,69
lu,2103,2020-06-23,2651,2788,2651,2750,2763,24,62
lu,2104,2020-06-23,2750,2797,2716,2772,2775,8,14
lu,2105,2020-06-23,2780,2835,2773,2794,2810,1070,722
lu,2106,2020-06-23,2865,2897,2840,2840,2868,17,81
lu,2101,2020-06-24,2660,2672,2588,2603,2628,79323,34207
lu,2102,2020-06-24,2715,2721,2658,2663,2709,22,60
lu,2103,2020-06-24,2758,2759,2696,2696,2724,17,62
lu,2104,2020-06-24,2737,2737,2680,2735,2716,5,13
lu,2105,2020-06-24,2805,2808,2732,2740,2758,309,735
lu,2106,2020-06-24,2835,2837,2800,2820,2821,15,83
lu,2101,2020-06-29,2577,2577,2486,2514,2518,63816,42496
lu,2102,2020-06-29,2642,2642,2553,2553,2581,10,61
lu,2103,2020-06-29,2639,2639,2639,2639,2639,1,63
lu,2104,2020-06-29,2603,2603,2583,2583,2593,2,11
lu,2105,2020-06-29,2693,2693,2633,2656,2660,327,754
lu,2106,2020-06-29,2752,2752,2711,2732,2732,9,86
lu,2101,2020-06-30,2540,2568,2522,2534,2542,42512,40329
lu,2102,2020-06-30,2595,2623,2582,2603,2595,50,56
lu,2103,2020-06-30,2640,2640,2640,2640,2640,1,63
lu,2104,2020-06-30,,,,2593,2593,0,11
lu,2105,2020-06-30,2665,2707,2662,2671,2683,222,712
lu,2106,2020-06-30,2751,2763,2730,2756,2753,10,88
lu,2101,2020-07-01,2526,2568,2516,2553,2542,28865,39329
lu,2102,2020-07-01,2587,2639,2587,2624,2620,12,54
lu,2103,2020-07-01,2638,2638,2638,2638,2638,1,62
lu,2104,2020-07-01,,,,2591,2591,0,11
lu,2105,2020-07-01,2670,2701,2652,2696,2673,160,676
lu,2106,2020-07-01,2724,2735,2724,2733,2730,5,89
lu,2107,2020-07-01,,,,2730,2730,0,0
lu,2101,2020-07-02,2526,2575,2526,2553,2551,39078,41683
lu,2102,2020-07-02,2621,2621,2599,2599,2604,5,52
lu,2103,2020-07-02,,,,2638,2638,0,62
lu,2104,2020-07-02,,,,2610,2610,0,11
lu,2105,2020-07-02,2696,2699,2674,2691,2685,88,673
lu,2106,2020-07-02,2742,2747,2742,2745,2744,4,89
lu,2107,2020-07-02,,,,2744,2744,0,0
lu,2101,2020-07-03,2560,2613,2560,2589,2587,43286,39595
lu,2102,2020-07-03,2668,2668,2636,2636,2652,2,53
lu,2103,2020-07-03,,,,2638,2638,0,62
lu,2104,2020-07-03,2635,2635,2635,2635,2635,1,10
lu,2105,2020-07-03,2706,2742,2700,2714,2715,94,663
lu,2106,2020-07-03,,,,2773,2773,0,89
lu,2107,2020-07-03,,,,2775,2775,0,0
lu,2101,2020-07-06,2576,2612,2565,2601,2590,30837,37478
lu,2102,2020-07-06,2658,2658,2649,2652,2653,3,51
lu,2103,2020-07-06,2666,2666,2661,2665,2664,6,62
lu,2104,2020-07-06,,,,2646,2646,0,10
lu,2105,2020-07-06,2712,2730,2690,2717,2712,83,668
lu,2106,2020-07-06,2770,2775,2746,2760,2757,20,77
lu,2107,2020-07-06,,,,2759,2759,0,0
lu,2101,2020-07-07,2600,2609,2555,2574,2578,26882,37095
lu,2102,2020-07-07,2666,2666,2644,2644,2647,6,45
lu,2103,2020-07-07,2664,2678,2626,2626,2661,5,58
lu,2104,2020-07-07,,,,2646,2646,0,10
lu,2105,2020-07-07,2715,2727,2688,2688,2705,99,656
lu,2106,2020-07-07,2761,2766,2754,2758,2759,10,76
lu,2107,2020-07-07,,,,2761,2761,0,0
lu,2101,2020-07-08,2575,2591,2564,2570,2577,13873,37052
lu,2102,2020-07-08,2632,2642,2632,2635,2637,8,44
lu,2103,2020-07-08,2652,2658,2631,2631,2648,7,54
lu,2104,2020-07-08,,,,2646,2646,0,10
lu,2105,2020-07-08,2713,2714,2690,2707,2704,33,645
lu,2106,2020-07-08,2796,2797,2751,2752,2773,9,74
lu,2107,2020-07-08,,,,2775,2775,0,0
lu,2101,2020-07-09,2579,2583,2533,2563,2567,14556,36747
lu,2102,2020-07-09,2627,2630,2605,2605,2622,9,43
lu,2103,2020-07-09,2611,2624,2609,2624,2612,7,53
lu,2104,2020-07-09,,,,2646,2646,0,10
lu,2105,2020-07-09,2709,2709,2680,2700,2693,60,646
lu,2106,2020-07-09,2753,2761,2746,2761,2752,12,65
lu,2107,2020-07-09,,,,2754,2754,0,0
lu,2101,2020-07-10,2568,2575,2480,2493,2524,21575,37502
lu,2102,2020-07-10,2572,2584,2564,2564,2573,3,46
lu,2103,2020-07-10,2861,2861,2585,2603,2698,8,53
lu,2104,2020-07-10,,,,2646,2646,0,10
lu,2105,2020-07-10,2690,2690,2622,2645,2644,116,650
lu,2106,2020-07-10,2702,2702,2657,2694,2687,19,55
lu,2107,2020-07-10,,,,2689,2689,0,0
lu,2101,2020-07-13,2511,2557,2507,2542,2534,15256,36363
lu,2102,2020-07-13,2564,2564,2564,2564,2564,1,45
lu,2103,2020-07-13,2594,2600,2594,2600,2597,2,52
lu,2104,2020-07-13,,,,2646,2646,0,10
lu,2105,2020-07-13,2659,2678,2659,2667,2665,90,642
lu,2106,2020-07-13,,,,2709,2709,0,55
lu,2107,2020-07-13,,,,2711,2711,0,0
lu,2101,2020-07-14,2549,2560,2485,2519,2521,18192,38243
lu,2102,2020-07-14,2605,2605,2561,2561,2592,7,42
lu,2103,2020-07-14,,,,2597,2597,0,52
lu,2104,2020-07-14,,,,2646,2646,0,10
lu,2105,2020-07-14,2667,2686,2624,2637,2654,63,641
lu,2106,2020-07-14,2700,2700,2690,2690,2696,3,57
lu,2107,2020-07-14,,,,2698,2698,0,0
lu,2101,2020-07-15,2518,2539,2506,2520,2524,13821,38565
lu,2102,2020-07-15,,,,2592,2592,0,42
lu,2103,2020-07-15,2568,2568,2568,2568,2568,4,48
lu,2104,2020-07-15,,,,2646,2646,0,10
lu,2105,2020-07-15,2649,2679,2642,2642,2653,37,647
lu,2106,2020-07-15,,,,2696,2696,0,57
lu,2107,2020-07-15,,,,2697,2697,0,0
lu,2101,2020-07-16,2529,2540,2503,2510,2518,16460,38007
lu,2102,2020-07-16,,,,2592,2592,0,42
lu,2103,2020-07-16,2544,2577,2540,2540,2550,16,43
lu,2104,2020-07-16,,,,2646,2646,0,10
lu,2105,2020-07-16,2658,2660,2630,2638,2641,35,643
lu,2106,2020-07-16,2691,2691,2691,2691,2691,1,57
lu,2107,2020-07-16,,,,2691,2691,0,0
lu,2101,2020-07-17,2510,2535,2484,2491,2507,19137,38953
lu,2102,2020-07-17,2582,2582,2553,2553,2567,2,42
lu,2103,2020-07-17,2564,2564,2564,2564,2564,1,42
lu,2104,2020-07-17,2414,2414,2414,2414,2414,1,10
lu,2105,2020-07-17,2630,2650,2614,2631,2630,43,648
lu,2106,2020-07-17,,,,2691,2691,0,57
lu,2107,2020-07-17,,,,2680,2680,0,0
lu,2101,2020-07-20,2485,2518,2436,2452,2467,29044,39974
lu,2102,2020-07-20,2537,2557,2528,2546,2542,6,44
lu,2103,2020-07-20,2575,2575,2575,2575,2575,1,41
lu,2104,2020-07-20,2465,2471,2465,2471,2469,4,10
lu,2105,2020-07-20,2640,2644,2573,2596,2598,53,657
lu,2106,2020-07-20,2639,2639,2631,2631,2637,8,57
lu,2107,2020-07-20,,,,2680,2680,0,0
lu,2101,2020-07-21,2456,2487,2436,2487,2464,18480,37574
lu,2102,2020-07-21,2498,2527,2497,2527,2507,3,45
lu,2103,2020-07-21,,,,2575,2575,0,41
lu,2104,2020-07-21,,,,2435,2435,0,10
lu,2105,2020-07-21,2596,2613,2584,2613,2598,64,648
lu,2106,2020-07-21,,,,2637,2637,0,57
lu,2107,2020-07-21,,,,2680,2680,0,0
lu,2101,2020-07-22,2530,2598,2516,2528,2550,37610,36752
lu,2102,2020-07-22,,,,2543,2543,0,45
lu,2103,2020-07-22,2602,2619,2553,2619,2591,3,40
lu,2104,2020-07-22,,,,2450,2450,0,10
lu,2105,2020-07-22,2656,2705,2638,2640,2669,100,615
lu,2106,2020-07-22,,,,2637,2637,0,57
lu,2107,2020-07-22,,,,2680,2680,0,0
lu,2101,2020-07-23,2526,2588,2514,2588,2545,16297,36810
lu,2102,2020-07-23,2564,2684,2564,2684,2620,5,47
lu,2103,2020-07-23,2624,2633,2619,2633,2625,3,40
lu,2104,2020-07-23,,,,2482,2482,0,10
lu,2105,2020-07-23,2670,2683,2670,2683,2678,4,613
lu,2106,2020-07-23,,,,2683,2683,0,57
lu,2107,2020-07-23,,,,2680,2680,0,0
lu,2101,2020-07-24,2568,2573,2486,2506,2530,30403,38900
lu,2102,2020-07-24,,,,2620,2620,0,47
lu,2103,2020-07-24,,,,2621,2621,0,40
lu,2104,2020-07-24,,,,2467,2467,0,10
lu,2105,2020-07-24,2684,2684,2610,2632,2634,33,613
lu,2106,2020-07-24,2698,2698,2698,2698,2698,2,57
lu,2107,2020-07-24,,,,2680,2680,0,0
lu,2101,2020-07-27,2518,2521,2484,2486,2503,22374,44380
lu,2102,2020-07-27,2620,2777,2563,2564,2576,428,429
lu,2103,2020-07-27,2577,2616,2574,2616,2581,33,46
lu,2104,2020-07-27,,,,2430,2430,0,10
lu,2105,2020-07-27,2630,2638,2620,2631,2626,33,613
lu,2106,2020-07-27,2686,2686,2683,2683,2684,2,56
lu,2107,2020-07-27,,,,2680,2680,0,0
lu,2101,2020-07-28,2495,2510,2462,2492,2487,29191,50929
lu,2102,2020-07-28,2565,2567,2532,2541,2551,269,692
lu,2103,2020-07-28,2580,2582,2569,2569,2579,61,77
lu,2104,2020-07-28,2617,2617,2521,2614,2584,3,10
lu,2105,2020-07-28,2622,2640,2601,2625,2617,42,616
lu,2106,2020-07-28,2670,2670,2670,2670,2670,1,57
lu,2107,2020-07-28,,,,2680,2680,0,0
lu,2101,2020-07-29,2485,2513,2477,2508,2496,18850,54852
lu,2102,2020-07-29,2543,2579,2542,2556,2558,3809,4179
lu,2103,2020-07-29,2590,2619,2563,2590,2579,23,85
lu,2104,2020-07-29,,,,2584,2584,0,10
lu,2105,2020-07-29,2620,2658,2620,2639,2631,35,608
lu,2106,2020-07-29,2686,2686,2686,2686,2686,1,58
lu,2107,2020-07-29,,,,2680,2680,0,0
lu,2101,2020-07-30,2511,2522,2485,2495,2506,17204,56772
lu,2102,2020-07-30,2550,2585,2544,2556,2555,2631,6380
lu,2103,2020-07-30,2550,2592,2550,2575,2572,98,118
lu,2104,2020-07-30,,,,2584,2584,0,10
lu,2105,2020-07-30,2641,2652,2627,2627,2634,7,606
lu,2106,2020-07-30,,,,2686,2686,0,58
lu,2107,2020-07-30,,,,2680,2680,0,0
lu,2101,2020-07-31,2490,2490,2389,2430,2432,61131,69468
lu,2102,2020-07-31,2518,2521,2406,2491,2498,2765,8531
lu,2103,2020-07-31,2533,2570,2520,2527,2542,76,118
lu,2104,2020-07-31,,,,2554,2554,0,10
lu,2105,2020-07-31,2601,2613,2531,2563,2574,136,621
lu,2106,2020-07-31,2624,2624,2624,2624,2624,1,57
lu,2107,2020-07-31,,,,2680,2680,0,0
lu,2101,2020-08-03,2431,2434,2400,2405,2413,27686,71978
lu,2102,2020-08-03,2485,2485,2459,2470,2467,1512,9734
lu,2103,2020-08-03,2525,2525,2512,2512,2516,3,119
lu,2104,2020-08-03,,,,2528,2528,0,10
lu,2105,2020-08-03,2561,2565,2550,2557,2556,37,617
lu,2106,2020-08-03,2599,2599,2599,2599,2599,1,56
lu,2107,2020-08-03,,,,2680,2680,0,0
lu,2108,2020-08-03,,,,2654,2654,0,0
lu,2101,2020-08-04,2410,2456,2410,2431,2432,22390,73181
lu,2102,2020-08-04,2494,2496,2458,2481,2481,3221,12475
lu,2103,2020-08-04,2520,2520,2520,2520,2520,2,121
lu,2104,2020-08-04,,,,2528,2528,0,10
lu,2105,2020-08-04,2583,2607,2561,2561,2591,26,611
lu,2106,2020-08-04,2620,2620,2620,2620,2620,1,56
lu,2107,2020-08-04,,,,2680,2680,0,0
lu,2108,2020-08-04,,,,2675,2675,0,0
lu,2101,2020-08-05,2420,2470,2411,2462,2443,29183,70883
lu,2102,2020-08-05,2479,2515,2470,2508,2493,5534,16128
lu,2103,2020-08-05,2516,2546,2516,2532,2531,3347,3128
lu,2104,2020-08-05,2465,2584,2465,2550,2533,8,9
lu,2105,2020-08-05,2596,2596,2595,2595,2595,2,609
lu,2106,2020-08-05,,,,2620,2620,0,56
lu,2107,2020-08-05,2678,2678,2678,2678,2678,1,1
lu,2108,2020-08-05,2724,2724,2724,2724,2724,1,1
lu,2101,2020-08-06,2488,2529,2450,2472,2486,47177,66133
lu,2102,2020-08-06,2583,2583,2480,2500,2511,7206,19471
lu,2103,2020-08-06,2539,2581,2517,2529,2547,3089,5204
lu,2104,2020-08-06,,,,2533,2533,0,9
lu,2105,2020-08-06,2687,2687,2605,2605,2638,30,612
lu,2106,2020-08-06,2715,2770,2657,2673,2708,17,58
lu,2107,2020-08-06,,,,2678,2678,0,1
lu,2108,2020-08-06,,,,2724,2724,0,1
lu,2101,2020-08-07,2480,2487,2450,2452,2469,23361,66350
lu,2102,2020-08-07,2535,2535,2479,2479,2496,1900,19696
lu,2103,2020-08-07,2586,2586,2484,2519,2534,1432,6068
lu,2104,2020-08-07,2514,2514,2514,2514,2514,2,9
lu,2105,2020-08-07,2578,2612,2578,2601,2588,25,608
lu,2106,2020-08-07,,,,2708,2708,0,58
lu,2107,2020-08-07,,,,2628,2628,0,1
lu,2108,2020-08-07,,,,2673,2673,0,1
lu,2101,2020-08-10,2450,2480,2442,2478,2461,22114,66941
lu,2102,2020-08-10,2475,2502,2475,2493,2492,1494,20057
lu,2103,2020-08-10,2523,2538,2520,2520,2529,1025,6842
lu,2104,2020-08-10,,,,2514,2514,0,9
lu,2105,2020-08-10,2543,2602,2543,2601,2587,4,608
lu,2106,2020-08-10,,,,2708,2708,0,58
lu,2107,2020-08-10,,,,2628,2628,0,1
lu,2108,2020-08-10,,,,2673,2673,0,1
lu,2101,2020-08-11,2476,2493,2430,2443,2467,30775,68826
lu,2102,2020-08-11,2509,2531,2436,2436,2494,2450,20796
lu,2103,2020-08-11,2532,2561,2463,2501,2534,1804,8153
lu,2104,2020-08-11,,,,2514,2514,0,9
lu,2105,2020-08-11,2589,2617,2539,2572,2592,35,600
lu,2106,2020-08-11,,,,2708,2708,0,58
lu,2107,2020-08-11,,,,2628,2628,0,1
lu,2108,2020-08-11,,,,2673,2673,0,1
lu,2101,2020-08-12,2457,2494,2417,2492,2455,45873,67059
lu,2102,2020-08-12,2430,2547,2430,2547,2482,5684,21536
lu,2103,2020-08-12,2506,2568,2492,2559,2519,2667,9826
lu,2104,2020-08-12,,,,2514,2514,0,9
lu,2105,2020-08-12,2560,2590,2558,2582,2571,10,598
lu,2106,2020-08-12,,,,2708,2708,0,58
lu,2107,2020-08-12,,,,2607,2607,0,1
lu,2108,2020-08-12,,,,2673,2673,0,1
lu,2101,2020-08-13,2500,2510,2460,2461,2480,24148,65644
lu,2102,2020-08-13,2590,2590,2509,2510,2538,5797,23258
lu,2103,2020-08-13,2571,2606,2542,2542,2569,3343,11775
lu,2104,2020-08-13,2616,2624,2587,2596,2609,6,5
lu,2105,2020-08-13,2597,2642,2592,2628,2624,85,621
lu,2106,2020-08-13,2665,2665,2665,2665,2665,1,57
lu,2107,2020-08-13,,,,2565,2565,0,1
lu,2108,2020-08-13,,,,2673,2673,0,1
lu,2101,2020-08-14,2465,2478,2439,2450,2460,27603,66777
lu,2102,2020-08-14,2460,2515,2460,2477,2489,8274,25709
lu,2103,2020-08-14,2541,2580,2509,2518,2531,1967,12574
lu,2104,2020-08-14,,,,2609,2609,0,5
lu,2105,2020-08-14,2629,2629,2579,2594,2597,42,594
lu,2106,2020-08-14,,,,2665,2665,0,57
lu,2107,2020-08-14,,,,2539,2539,0,1
lu,2108,2020-08-14,,,,2673,2673,0,1
lu,2101,2020-08-17,2445,2460,2442,2450,2452,18914,67487
lu,2102,2020-08-17,2470,2490,2470,2472,2483,3587,25830
lu,2103,2020-08-17,2524,2531,2510,2520,2521,1487,12999
lu,2104,2020-08-17,,,,2599,2599,0,5
lu,2105,2020-08-17,2576,2589,2576,2587,2586,7,597
lu,2106,2020-08-17,,,,2665,2665,0,57
lu,2107,2020-08-17,,,,2528,2528,0,1
lu,2108,2020-08-17,,,,2673,2673,0,1
lu,2101,2020-08-18,2445,2487,2440,2456,2464,28713,68463
lu,2102,2020-08-18,2470,2511,2467,2475,2495,3884,26013
lu,2103,2020-08-18,2497,2547,2497,2527,2533,2367,13787
lu,2104,2020-08-18,,,,2599,2599,0,5
lu,2105,2020-08-18,2588,2607,2572,2583,2586,21,607
lu,2106,2020-08-18,,,,2665,2665,0,57
lu,2107,2020-08-18,,,,2528,2528,0,1
lu,2108,2020-08-18,,,,2673,2673,0,1
lu,2101,2020-08-19,2464,2475,2452,2460,2463,23825,66697
lu,2102,2020-08-19,2497,2501,2472,2495,2495,9655,29889
lu,2103,2020-08-19,2519,2541,2519,2541,2527,4764,16575
lu,2104,2020-08-19,,,,2599,2599,0,5
lu,2105,2020-08-19,2592,2603,2578,2578,2591,7,607
lu,2106,2020-08-19,,,,2665,2665,0,57
lu,2107,2020-08-19,,,,2533,2533,0,1
lu,2108,2020-08-19,,,,2673,2673,0,1
lu,2101,2020-08-20,2450,2501,2450,2490,2473,43268,68225
lu,2102,2020-08-20,2479,2534,2479,2522,2500,7576,30104
lu,2103,2020-08-20,2512,2575,2512,2569,2541,4437,17884
lu,2104,2020-08-20,,,,2599,2599,0,5
lu,2105,2020-08-20,2591,2616,2591,2616,2603,4,606
lu,2106,2020-08-20,,,,2665,2665,0,57
lu,2107,2020-08-20,,,,2544,2544,0,1
lu,2108,2020-08-20,,,,2673,2673,0,1
lu,2101,2020-08-21,2494,2541,2457,2496,2501,61106,72124
lu,2102,2020-08-21,2522,2570,2487,2516,2531,8196,30117
lu,2103,2020-08-21,2545,2606,2530,2556,2571,5210,18703
lu,2104,2020-08-21,,,,2599,2599,0,5
lu,2105,2020-08-21,2601,2653,2601,2603,2625,9,604
lu,2106,2020-08-21,,,,2665,2665,0,57
lu,2107,2020-08-21,,,,2565,2565,0,1
lu,2108,2020-08-21,,,,2673,2673,0,1
lu,2101,2020-08-24,2490,2501,2454,2464,2474,52035,75509
lu,2102,2020-08-24,2510,2528,2486,2493,2505,9949,29764
lu,2103,2020-08-24,2544,2567,2526,2534,2543,6405,19583
lu,2104,2020-08-24,2572,2572,2572,2572,2572,1,5
lu,2105,2020-08-24,2601,2622,2592,2618,2606,31,609
lu,2106,2020-08-24,,,,2665,2665,0,57
lu,2107,2020-08-24,,,,2546,2546,0,1
lu,2108,2020-08-24,,,,2673,2673,0,1
lu,2101,2020-08-25,2468,2499,2468,2496,2482,36139,72956
lu,2102,2020-08-25,2504,2531,2498,2531,2511,8118,28542
lu,2103,2020-08-25,2539,2564,2535,2559,2548,5130,17968
lu,2104,2020-08-25,,,,2577,2577,0,5
lu,2105,2020-08-25,2619,2629,2606,2620,2616,13,605
lu,2106,2020-08-25,,,,2665,2665,0,57
lu,2107,2020-08-25,,,,2555,2555,0,1
lu,2108,2020-08-25,,,,2683,2683,0,1
lu,2101,2020-08-26,2505,2564,2501,2532,2535,46750,74683
lu,2102,2020-08-26,2543,2587,2542,2566,2565,5292,28852
lu,2103,2020-08-26,2578,2622,2578,2602,2602,2452,18652
lu,2104,2020-08-26,2710,2710,2615,2634,2623,1408,1259
lu,2105,2020-08-26,2650,2685,2640,2666,2658,34,603
lu,2106,2020-08-26,,,,2680,2680,0,57
lu,2107,2020-08-26,,,,2596,2596,0,1
lu,2108,2020-08-26,,,,2726,2726,0,1
lu,2101,2020-08-27,2535,2538,2503,2512,2516,24264,76132
lu,2102,2020-08-27,2590,2590,2531,2545,2546,2708,29064
lu,2103,2020-08-27,2596,2605,2561,2577,2579,2849,19255
lu,2104,2020-08-27,2628,2633,2600,2606,2606,5077,5868
lu,2105,2020-08-27,2640,2651,2636,2636,2639,12,604
lu,2106,2020-08-27,,,,2680,2680,0,57
lu,2107,2020-08-27,,,,2577,2577,0,1
lu,2108,2020-08-27,,,,2726,2726,0,1
lu,2101,2020-08-28,2512,2513,2470,2475,2485,35575,81171
lu,2102,2020-08-28,2536,2544,2502,2509,2515,3764,28348
lu,2103,2020-08-28,2574,2575,2533,2543,2548,5393,20451
lu,2104,2020-08-28,2600,2600,2565,2575,2584,2493,7867
lu,2105,2020-08-28,2621,2630,2592,2609,2618,13,604
lu,2106,2020-08-28,,,,2680,2680,0,57
lu,2107,2020-08-28,,,,2556,2556,0,1
lu,2108,2020-08-28,2762,2762,2762,2762,2762,1,2
lu,2101,2020-08-31,2477,2506,2475,2491,2490,32477,79249
lu,2102,2020-08-31,2517,2538,2508,2532,2522,3438,27791
lu,2103,2020-08-31,2544,2573,2542,2559,2555,4525,21500
lu,2104,2020-08-31,2569,2605,2569,2589,2585,3612,10973
lu,2105,2020-08-31,2628,2632,2628,2630,2630,15,609
lu,2106,2020-08-31,,,,2680,2680,0,57
lu,2107,2020-08-31,,,,2567,2567,0,1
lu,2108,2020-08-31,,,,2774,2774,0,2
lu,2101,2020-09-01,2495,2498,2461,2477,2477,28306,82970
lu,2102,2020-09-01,2523,2527,2491,2513,2512,4358,27214
lu,2103,2020-09-01,2555,2560,2523,2547,2549,5450,23487
lu,2104,2020-09-01,2565,2626,2557,2580,2583,3583,13884
lu,2105,2020-09-01,2616,2623,2591,2617,2613,49,614
lu,2106,2020-09-01,,,,2680,2680,0,57
lu,2107,2020-09-01,,,,2551,2551,0,1
lu,2108,2020-09-01,,,,2756,2756,0,2
lu,2109,2020-09-01,,,,2756,2756,0,0
lu,2101,2020-09-02,2474,2510,2471,2484,2490,40039,82980
lu,2102,2020-09-02,2513,2544,2506,2520,2522,5991,26281
lu,2103,2020-09-02,2549,2579,2542,2556,2559,6261,24734
lu,2104,2020-09-02,2576,2610,2569,2604,2594,4569,16640
lu,2105,2020-09-02,2612,2646,2611,2618,2625,17,611
lu,2106,2020-09-02,2668,2668,2668,2668,2668,1,56
lu,2107,2020-09-02,,,,2539,2539,0,1
lu,2108,2020-09-02,,,,2743,2743,0,2
lu,2109,2020-09-02,2796,2860,2796,2860,2817,3,2
lu,2101,2020-09-03,2485,2489,2397,2401,2434,68673,97450
lu,2102,2020-09-03,2513,2517,2350,2424,2462,9256,28135
lu,2103,2020-09-03,2551,2556,2415,2415,2508,7944,25334
lu,2104,2020-09-03,2595,2595,2507,2507,2549,5228,18963
lu,2105,2020-09-03,2612,2634,2546,2546,2577,65,618
lu,2106,2020-09-03,,,,2668,2668,0,56
lu,2107,2020-09-03,,,,2492,2492,0,1
lu,2108,2020-09-03,,,,2693,2693,0,2
lu,2109,2020-09-03,2796,2796,2795,2795,2795,2,4
lu,2101,2020-09-04,2390,2390,2318,2353,2358,75683,103697
lu,2102,2020-09-04,2411,2411,2350,2376,2382,9334,28493
lu,2103,2020-09-04,2420,2456,2391,2428,2424,6683,25548
lu,2104,2020-09-04,2504,2523,2433,2471,2466,6902,21397
lu,2105,2020-09-04,2558,2558,2499,2518,2518,123,660
lu,2106,2020-09-04,2544,2566,2544,2566,2555,2,56
lu,2107,2020-09-04,,,,2386,2386,0,1
lu,2108,2020-09-04,,,,2578,2578,0,2
lu,2109,2020-09-04,2778,2778,2778,2778,2778,1,5
lu,2101,2020-09-07,2349,2370,2281,2293,2323,76611,112806
lu,2102,2020-09-07,2384,2395,2315,2321,2354,11832,29059
lu,2103,2020-09-07,2423,2439,2363,2364,2400,9780,27004
lu,2104,2020-09-07,2468,2478,2410,2422,2448,6455,23170
lu,2105,2020-09-07,2536,2536,2472,2472,2493,73,711
lu,2106,2020-09-07,2545,2545,2495,2501,2505,6,52
lu,2107,2020-09-07,,,,2339,2339,0,1
lu,2108,2020-09-07,,,,2528,2528,0,2
lu,2109,2020-09-07,,,,2724,2724,0,5
lu,2101,2020-09-08,2290,2315,2279,2288,2298,37137,113454
lu,2102,2020-09-08,2335,2349,2318,2328,2336,6212,29211
lu,2103,2020-09-08,2380,2434,2370,2381,2386,5025,27132
lu,2104,2020-09-08,2432,2469,2422,2426,2435,2833,23564
lu,2105,2020-09-08,2498,2502,2482,2482,2490,14,713
lu,2106,2020-09-08,2534,2534,2534,2534,2534,1,52
lu,2107,2020-09-08,,,,2366,2366,0,1
lu,2108,2020-09-08,,,,2528,2528,0,2
lu,2109,2020-09-08,,,,2755,2755,0,5
lu,2101,2020-09-09,2260,2260,2160,2178,2190,86385,110055
lu,2102,2020-09-09,2318,2318,2214,2223,2234,15086,29841
lu,2103,2020-09-09,2350,2350,2263,2270,2281,6814,26640
lu,2104,2020-09-09,2374,2381,2310,2316,2330,4250,23828
lu,2105,2020-09-09,2452,2461,2358,2368,2377,169,689
lu,2106,2020-09-09,2451,2451,2430,2430,2446,6,55
lu,2107,2020-09-09,2493,2493,2486,2486,2490,4,4
lu,2108,2020-09-09,,,,2661,2661,0,2
lu,2109,2020-09-09,2584,2584,2579,2579,2582,4,5
lu,2101,2020-09-10,2200,2238,2193,2218,2218,45564,108620
lu,2102,2020-09-10,2225,2278,2225,2260,2260,10091,30462
lu,2103,2020-09-10,2290,2331,2285,2315,2312,4357,27465
lu,2104,2020-09-10,2366,2377,2300,2352,2358,4021,24377
lu,2105,2020-09-10,2375,2415,2374,2406,2395,71,681
lu,2106,2020-09-10,2467,2467,2464,2464,2465,2,55
lu,2107,2020-09-10,,,,2490,2490,0,4
lu,2108,2020-09-10,,,,2682,2682,0,2
lu,2109,2020-09-10,,,,2582,2582,0,5
lu,2101,2020-09-11,2212,2231,2195,2200,2209,34671,110582
lu,2102,2020-09-11,2258,2273,2241,2248,2254,7165,30670
lu,2103,2020-09-11,2315,2328,2290,2300,2305,6142,28535
lu,2104,2020-09-11,2348,2371,2333,2353,2349,3134,24613
lu,2105,2020-09-11,2398,2401,2373,2373,2387,8,685
lu,2106,2020-09-11,,,,2465,2465,0,55
lu,2107,2020-09-11,,,,2490,2490,0,4
lu,2108,2020-09-11,,,,2673,2673,0,2
lu,2109,2020-09-11,,,,2582,2582,0,5
lu,2101,2020-09-14,2195,2265,2183,2239,2233,52287,108376
lu,2102,2020-09-14,2246,2297,2234,2276,2272,11754,31154
lu,2103,2020-09-14,2300,2346,2277,2321,2320,9081,29398
lu,2104,2020-09-14,2343,2391,2332,2373,2364,6576,25203
lu,2105,2020-09-14,2399,2420,2369,2400,2402,10,683
lu,2106,2020-09-14,,,,2465,2465,0,55
lu,2107,2020-09-14,,,,2490,2490,0,4
lu,2108,2020-09-14,,,,2690,2690,0,2
lu,2109,2020-09-14,,,,2582,2582,0,5
lu,2101,2020-09-15,2234,2245,2218,2224,2231,34330,110454
lu,2102,2020-09-15,2276,2281,2253,2261,2266,9438,31321
lu,2103,2020-09-15,2321,2339,2297,2300,2311,7805,30209
lu,2104,2020-09-15,2368,2370,2341,2341,2357,6065,25406
lu,2105,2020-09-15,2387,2404,2387,2398,2394,10,684
lu,2106,2020-09-15,,,,2465,2465,0,55
lu,2107,2020-09-15,,,,2482,2482,0,4
lu,2108,2020-09-15,,,,2681,2681,0,2
lu,2109,2020-09-15,,,,2582,2582,0,5
lu,2101,2020-09-16,2229,2271,2223,2260,2247,49912,110893
lu,2102,2020-09-16,2263,2303,2260,2295,2282,11861,31188
lu,2103,2020-09-16,2307,2347,2301,2336,2326,9675,29839
lu,2104,2020-09-16,2357,2394,2351,2382,2375,8108,26380
lu,2105,2020-09-16,2415,2419,2410,2411,2413,18,683
lu,2106,2020-09-16,,,,2465,2465,0,55
lu,2107,2020-09-16,,,,2502,2502,0,4
lu,2108,2020-09-16,,,,2703,2703,0,2
lu,2109,2020-09-16,2658,2658,2590,2590,2648,7,10
lu,2101,2020-09-17,2258,2269,2210,2222,2242,44343,113488
lu,2102,2020-09-17,2293,2301,2247,2257,2280,11219,31582
lu,2103,2020-09-17,2335,2340,2278,2287,2315,10355,30948
lu,2104,2020-09-17,2382,2388,2316,2316,2360,8389,27607
lu,2105,2020-09-17,2435,2435,2381,2393,2407,16,687
lu,2106,2020-09-17,,,,2465,2465,0,55
lu,2107,2020-09-17,,,,2495,2495,0,4
lu,2108,2020-09-17,,,,2696,2696,0,2
lu,2109,2020-09-17,2603,2620,2600,2600,2617,13,21
lu,2101,2020-09-18,2220,2327,2220,2320,2282,83445,105264
lu,2102,2020-09-18,2259,2357,2258,2352,2319,14474,30860
lu,2103,2020-09-18,2298,2400,2291,2400,2352,12231,30666
lu,2104,2020-09-18,2335,2431,2335,2430,2392,7818,27902
lu,2105,2020-09-18,2408,2467,2399,2440,2439,64,709
lu,2106,2020-09-18,2475,2506,2475,2506,2485,3,57
lu,2107,2020-09-18,,,,2515,2515,0,4
lu,2108,2020-09-18,,,,2718,2718,0,2
lu,2109,2020-09-18,2681,2681,2681,2681,2681,1,21
lu,2101,2020-09-21,2305,2343,2287,2293,2318,59087,110313
lu,2102,2020-09-21,2340,2376,2324,2330,2350,10333,30430
lu,2103,2020-09-21,2391,2415,2312,2368,2387,8622,30440
lu,2104,2020-09-21,2422,2458,2395,2395,2428,6279,27801
lu,2105,2020-09-21,2462,2473,2447,2447,2460,27,699
lu,2106,2020-09-21,,,,2485,2485,0,57
lu,2107,2020-09-21,,,,2536,2536,0,4
lu,2108,2020-09-21,,,,2741,2741,0,2
lu,2109,2020-09-21,,,,2681,2681,0,21
lu,2101,2020-09-22,2287,2298,2173,2230,2232,86626,106946
lu,2102,2020-09-22,2324,2332,2219,2262,2270,15016,30620
lu,2103,2020-09-22,2364,2374,2262,2307,2310,11492,30314
lu,2104,2020-09-22,2407,2413,2313,2351,2357,7973,28070
lu,2105,2020-09-22,2316,2456,2316,2377,2393,87,714
lu,2106,2020-09-22,2452,2452,2452,2452,2452,1,57
lu,2107,2020-09-22,,,,2502,2502,0,4
lu,2108,2020-09-22,,,,2704,2704,0,2
lu,2109,2020-09-22,2623,2623,2620,2620,2620,33,52
lu,2101,2020-09-23,2235,2251,2209,2229,2227,45516,103366
lu,2102,2020-09-23,2265,2288,2242,2254,2260,14354,31042
lu,2103,2020-09-23,2310,2329,2271,2281,2294,11830,31107
lu,2104,2020-09-23,2355,2373,2308,2324,2336,9683,29332
lu,2105,2020-09-23,2408,2408,2348,2372,2372,35,727
lu,2106,2020-09-23,2424,2425,2424,2425,2424,2,58
lu,2107,2020-09-23,,,,2473,2473,0,4
lu,2108,2020-09-23,,,,2673,2673,0,2
lu,2109,2020-09-23,,,,2620,2620,0,52
lu,2101,2020-09-24,2235,2267,2222,2227,2238,54097,94050
lu,2102,2020-09-24,2257,2289,2248,2262,2262,14541,30028
lu,2103,2020-09-24,2295,2318,2274,2283,2289,11558,29817
lu,2104,2020-09-24,2325,2353,2302,2302,2324,10334,28730
lu,2105,2020-09-24,2387,2391,2342,2345,2359,114,779
lu,2106,2020-09-24,2423,2430,2387,2387,2415,9,66
lu,2107,2020-09-24,,,,2473,2473,0,4
lu,2108,2020-09-24,,,,2663,2663,0,2
lu,2109,2020-09-24,2601,2615,2601,2610,2610,22,64
lu,2110,2020-09-24,,,,2610,2610,0,0
lu,2101,2020-09-25,2225,2274,2220,2241,2245,45352,85514
lu,2102,2020-09-25,2262,2299,2255,2273,2276,9128,29910
lu,2103,2020-09-25,2280,2322,2276,2306,2298,9023,29988
lu,2104,2020-09-25,2306,2342,2298,2331,2320,7486,28521
lu,2105,2020-09-25,2351,2371,2336,2361,2351,63,792
lu,2106,2020-09-25,2398,2410,2398,2410,2409,20,82
lu,2107,2020-09-25,2468,2468,2449,2452,2459,7,3
lu,2108,2020-09-25,,,,2648,2648,0,2
lu,2109,2020-09-25,2547,2627,2547,2580,2585,5,65
lu,2110,2020-09-25,,,,2585,2585,0,0
lu,2101,2020-09-28,2238,2260,2230,2260,2243,33620,75433
lu,2102,2020-09-28,2268,2287,2265,2287,2275,4907,29667
lu,2103,2020-09-28,2314,2322,2292,2322,2303,6434,29684
lu,2104,2020-09-28,2325,2338,2314,2338,2324,6005,28481
lu,2105,2020-09-28,2359,2365,2348,2360,2355,143,813
lu,2106,2020-09-28,2390,2390,2390,2390,2390,2,82
lu,2107,2020-09-28,,,,2459,2459,0,3
lu,2108,2020-09-28,,,,2627,2627,0,2
lu,2109,2020-09-28,,,,2585,2585,0,65
lu,2110,2020-09-28,,,,2564,2564,0,0
lu,2101,2020-09-29,2275,2295,2250,2270,2271,26564,72393
lu,2102,2020-09-29,2285,2318,2281,2303,2296,6024,28898
lu,2103,2020-09-29,2338,2349,2306,2340,2325,7636,28620
lu,2104,2020-09-29,2339,2359,2324,2359,2344,6807,27663
lu,2105,2020-09-29,2369,2383,2355,2383,2370,195,818
lu,2106,2020-09-29,2414,2414,2414,2414,2414,1,83
lu,2107,2020-09-29,,,,2459,2459,0,3
lu,2108,2020-09-29,,,,2627,2627,0,2
lu,2109,2020-09-29,2684,2684,2563,2563,2565,57,54
lu,2110,2020-09-29,,,,2544,2544,0,0
lu,2101,2020-09-30,2276,2279,2192,2204,2225,38002,75224
lu,2102,2020-09-30,2313,2316,2227,2234,2259,5052,28341
lu,2103,2020-09-30,2349,2349,2257,2262,2291,11194,27953
lu,2104,2020-09-30,2358,2360,2276,2279,2311,9049,27664
lu,2105,2020-09-30,2373,2378,2299,2307,2332,1015,1129
lu,2106,2020-09-30,2374,2375,2374,2375,2374,71,114
lu,2107,2020-09-30,2421,2421,2419,2419,2420,54,57
lu,2108,2020-09-30,,,,2627,2627,0,2
lu,2109,2020-09-30,2564,2564,2540,2540,2552,2,53
lu,2110,2020-09-30,,,,2531,2531,0,0
lu,2101,2020-10-09,2300,2368,2262,2314,2302,28832,70396
lu,2102,2020-10-09,2496,2496,2295,2341,2337,2981,28357
lu,2103,2020-10-09,2377,2389,2320,2356,2359,5766,28181
lu,2104,2020-10-09,2329,2382,2329,2369,2365,4695,27358
lu,2105,2020-10-09,2332,2399,2332,2392,2387,399,1083
lu,2106,2020-10-09,2424,2454,2421,2421,2429,7,117
lu,2107,2020-10-09,,,,2476,2476,0,57
lu,2108,2020-10-09,,,,2627,2627,0,2
lu,2109,2020-10-09,,,,2552,2552,0,53
lu,2110,2020-10-09,,,,2590,2590,0,0
lu,2101,2020-10-12,2316,2335,2293,2327,2315,42104,74838
lu,2102,2020-10-12,2343,2358,2322,2348,2342,6500,29304
lu,2103,2020-10-12,2361,2373,2335,2367,2361,14440,32126
lu,2104,2020-10-12,2372,2390,2355,2378,2373,11030,30429
lu,2105,2020-10-12,2392,2415,2383,2392,2391,1679,2121
lu,2106,2020-10-12,,,,2429,2429,0,117
lu,2107,2020-10-12,,,,2480,2480,0,57
lu,2108,2020-10-12,,,,2627,2627,0,2
lu,2109,2020-10-12,,,,2556,2556,0,53
lu,2110,2020-10-12,,,,2595,2595,0,0
lu,2101,2020-10-13,2341,2347,2294,2312,2315,31602,78396
lu,2102,2020-10-13,2350,2367,2321,2331,2333,6998,29776
lu,2103,2020-10-13,2368,2382,2337,2340,2351,12026,33430
lu,2104,2020-10-13,2372,2392,2347,2354,2364,10298,32658
lu,2105,2020-10-13,2390,2415,2373,2373,2386,1208,2576
lu,2106,2020-10-13,,,,2429,2429,0,117
lu,2107,2020-10-13,,,,2474,2474,0,57
lu,2108,2020-10-13,,,,2627,2627,0,2
lu,2109,2020-10-13,,,,2550,2550,0,53
lu,2110,2020-10-13,,,,2589,2589,0,0
lu,2101,2020-10-14,2323,2337,2284,2323,2312,30475,78976
lu,2102,2020-10-14,2343,2350,2298,2332,2322,7812,30830
lu,2103,2020-10-14,2352,2359,2308,2335,2329,10836,33872
lu,2104,2020-10-14,2355,2368,2319,2343,2338,13027,34891
lu,2105,2020-10-14,2379,2383,2344,2370,2361,1078,2820
lu,2106,2020-10-14,2400,2400,2400,2400,2400,47,164
lu,2107,2020-10-14,,,,2444,2444,0,57
lu,2108,2020-10-14,,,,2627,2627,0,2
lu,2109,2020-10-14,2596,2596,2596,2596,2596,1,54
lu,2110,2020-10-14,,,,2635,2635,0,0
lu,2101,2020-10-15,2345,2396,2330,2380,2373,59630,83414
lu,2102,2020-10-15,2350,2394,2343,2376,2379,11064,31661
lu,2103,2020-10-15,2339,2399,2339,2382,2382,17362,34562
lu,2104,2020-10-15,2344,2399,2344,2389,2385,18166,37030
lu,2105,2020-10-15,2371,2425,2371,2417,2408,728,2941
lu,2106,2020-10-15,2420,2420,2420,2420,2420,1,164
lu,2107,2020-10-15,,,,2464,2464,0,57
lu,2108,2020-10-15,,,,2627,2627,0,2
lu,2109,2020-10-15,,,,2596,2596,0,54
lu,2110,2020-10-15,,,,2656,2656,0,0
lu,2101,2020-10-16,2338,2406,2328,2369,2369,49716,89657
lu,2102,2020-10-16,2334,2420,2329,2382,2379,10393,32804
lu,2103,2020-10-16,2349,2425,2334,2391,2388,16566,35271
lu,2104,2020-10-16,2366,2426,2343,2394,2393,14230,37635
lu,2105,2020-10-16,2402,2437,2374,2423,2409,509,2939
lu,2106,2020-10-16,,,,2420,2420,0,164
lu,2107,2020-10-16,,,,2464,2464,0,57
lu,2108,2020-10-16,,,,2628,2628,0,2
lu,2109,2020-10-16,,,,2596,2596,0,54
lu,2110,2020-10-16,,,,2657,2657,0,0
lu,2101,2020-10-19,2367,2382,2353,2366,2364,31692,89215
lu,2102,2020-10-19,2382,2405,2370,2381,2383,6296,32649
lu,2103,2020-10-19,2388,2409,2382,2390,2392,10074,35569
lu,2104,2020-10-19,2395,2421,2385,2396,2396,14724,39389
lu,2105,2020-10-19,2416,2426,2400,2424,2410,1061,3079
lu,2106,2020-10-19,2495,2495,2443,2443,2469,2,164
lu,2107,2020-10-19,,,,2513,2513,0,57
lu,2108,2020-10-19,,,,2681,2681,0,2
lu,2109,2020-10-19,2504,2597,2504,2597,2550,2,54
lu,2110,2020-10-19,,,,2610,2610,0,0
lu,2101,2020-10-20,2362,2365,2302,2328,2327,45422,86090
lu,2102,2020-10-20,2385,2385,2318,2330,2344,9908,32717
lu,2103,2020-10-20,2398,2398,2333,2346,2353,15091,38270
lu,2104,2020-10-20,2389,2398,2352,2356,2371,16177,42109
lu,2105,2020-10-20,2418,2419,2389,2389,2400,692,3295
lu,2106,2020-10-20,2363,2457,2363,2433,2437,48,175
lu,2107,2020-10-20,,,,2481,2481,0,57
lu,2108,2020-10-20,,,,2646,2646,0,2
lu,2109,2020-10-20,2574,2577,2569,2571,2573,9,45
lu,2110,2020-10-20,,,,2634,2634,0,0
lu,2101,2020-10-21,2326,2356,2310,2335,2335,30175,84400
lu,2102,2020-10-21,2334,2362,2325,2343,2340,6127,32517
lu,2103,2020-10-21,2340,2367,2337,2346,2352,12610,38421
lu,2104,2020-10-21,2357,2385,2357,2367,2371,14163,43285
lu,2105,2020-10-21,2389,2412,2389,2396,2400,717,3549
lu,2106,2020-10-21,,,,2437,2437,0,175
lu,2107,2020-10-21,,,,2481,2481,0,57
lu,2108,2020-10-21,,,,2646,2646,0,2
lu,2109,2020-10-21,2586,2610,2501,2610,2588,48,56
lu,2110,2020-10-21,,,,2634,2634,0,0
lu,2101,2020-10-22,2330,2338,2266,2297,2299,40593,85833
lu,2102,2020-10-22,2340,2344,2276,2305,2303,11292,31319
lu,2103,2020-10-22,2348,2354,2294,2315,2320,15707,37737
lu,2104,2020-10-22,2364,2373,2318,2338,2340,14905,42998
lu,2105,2020-10-22,2397,2405,2362,2374,2378,343,3689
lu,2106,2020-10-22,2425,2425,2397,2425,2411,6,175
lu,2107,2020-10-22,2465,2465,2420,2423,2435,10,57
lu,2108,2020-10-22,,,,2597,2597,0,2
lu,2109,2020-10-22,2610,2610,2552,2589,2583,3,59
lu,2110,2020-10-22,,,,2629,2629,0,0
lu,2101,2020-10-23,2301,2337,2295,2311,2316,26558,83218
lu,2102,2020-10-23,2303,2344,2303,2315,2324,11276,29818
lu,2103,2020-10-23,2320,2356,2319,2334,2337,14330,34939
lu,2104,2020-10-23,2340,2378,2339,2351,2358,13339,39940
lu,2105,2020-10-23,2374,2409,2374,2394,2393,517,3590
lu,2106,2020-10-23,2409,2409,2409,2409,2409,1,175
lu,2107,2020-10-23,2442,2442,2442,2442,2442,1,57
lu,2108,2020-10-23,,,,2597,2597,0,2
lu,2109,2020-10-23,,,,2583,2583,0,59
lu,2110,2020-10-23,,,,2636,2636,0,0
lu,2101,2020-10-26,2318,2340,2227,2244,2270,45215,83326
lu,2102,2020-10-26,2329,2340,2238,2251,2282,10684,32157
lu,2103,2020-10-26,2342,2355,2269,2271,2304,16987,38261
lu,2104,2020-10-26,2360,2374,2306,2306,2334,13326,42703
lu,2105,2020-10-26,2391,2409,2344,2348,2361,1288,4142
lu,2106,2020-10-26,2429,2429,2393,2393,2417,6,176
lu,2107,2020-10-26,2426,2446,2423,2423,2428,7,57
lu,2108,2020-10-26,,,,2582,2582,0,2
lu,2109,2020-10-26,,,,2583,2583,0,59
lu,2110,2020-10-26,,,,2621,2621,0,0
lu,2101,2020-10-27,2238,2260,2234,2256,2249,30667,81730
lu,2102,2020-10-27,2244,2278,2244,2275,2260,7214,33514
lu,2103,2020-10-27,2272,2306,2272,2302,2289,15103,40029
lu,2104,2020-10-27,2312,2339,2311,2339,2323,10283,44185
lu,2105,2020-10-27,2346,2365,2346,2360,2358,928,4292
lu,2106,2020-10-27,2389,2394,2389,2394,2392,6,171
lu,2107,2020-10-27,2419,2421,2414,2414,2417,10,57
lu,2108,2020-10-27,,,,2570,2570,0,2
lu,2109,2020-10-27,,,,2583,2583,0,59
lu,2110,2020-10-27,,,,2609,2609,0,0
lu,2101,2020-10-28,2252,2271,2217,2236,2242,39364,82115
lu,2102,2020-10-28,2267,2281,2230,2252,2253,8507,34615
lu,2103,2020-10-28,2300,2315,2262,2276,2287,15035,41342
lu,2104,2020-10-28,2333,2346,2302,2316,2320,12176,45433
lu,2105,2020-10-28,2355,2371,2332,2341,2344,750,4510
lu,2106,2020-10-28,2390,2391,2386,2386,2389,8,169
lu,2107,2020-10-28,2415,2424,2404,2404,2416,17,57
lu,2108,2020-10-28,2504,2504,2504,2504,2504,1,3
lu,2109,2020-10-28,2566,2594,2560,2589,2577,21,76
lu,2110,2020-10-28,,,,2603,2603,0,0
lu,2101,2020-10-29,2210,2217,2155,2159,2180,46879,83722
lu,2102,2020-10-29,2216,2219,2180,2180,2200,11095,35114
lu,2103,2020-10-29,2250,2250,2219,2220,2233,16712,41393
lu,2104,2020-10-29,2290,2300,2229,2258,2272,12745,47021
lu,2105,2020-10-29,2335,2335,2295,2304,2308,1265,4682
lu,2106,2020-10-29,2344,2344,2344,2344,2344,3,169
lu,2107,2020-10-29,2366,2394,2360,2394,2376,22,59
lu,2108,2020-10-29,,,,2462,2462,0,3
lu,2109,2020-10-29,,,,2577,2577,0,76
lu,2110,2020-10-29,,,,2603,2603,0,0
lu,2101,2020-10-30,2098,2138,2005,2050,2067,91838,80701
lu,2102,2020-10-30,2124,2160,2038,2105,2110,17177,36514
lu,2103,2020-10-30,2185,2192,2085,2145,2152,35416,42183
lu,2104,2020-10-30,2200,2228,2108,2170,2182,18323,47316
lu,2105,2020-10-30,2286,2286,2160,2197,2224,1949,4776
lu,2106,2020-10-30,2260,2297,2260,2297,2280,14,175
lu,2107,2020-10-30,2281,2316,2186,2312,2248,27,61
lu,2108,2020-10-30,2386,2394,2370,2394,2383,3,4
lu,2109,2020-10-30,2450,2553,2400,2450,2490,27,96
lu,2110,2020-10-30,,,,2603,2603,0,0
lu,2101,2020-11-02,2070,2077,1970,2015,2028,56871,78817
lu,2102,2020-11-02,2107,2124,2017,2060,2076,12334,38299
lu,2103,2020-11-02,2143,2161,2070,2098,2113,31570,46405
lu,2104,2020-11-02,2173,2190,2090,2121,2144,17237,48903
lu,2105,2020-11-02,2205,2229,2143,2180,2190,1083,5083
lu,2106,2020-11-02,,,,2246,2246,0,175
lu,2107,2020-11-02,2245,2245,2236,2236,2239,5,63
lu,2108,2020-11-02,,,,2374,2374,0,4
lu,2109,2020-11-02,2470,2470,2393,2470,2445,30,110
lu,2110,2020-11-02,,,,2603,2603,0,0
lu,2111,2020-11-02,,,,2555,2555,0,0
lu,2101,2020-11-03,2024,2111,2024,2102,2077,52675,74253
lu,2102,2020-11-03,2075,2157,2075,2146,2125,10880,39366
lu,2103,2020-11-03,2101,2193,2101,2181,2160,20410,47208
lu,2104,2020-11-03,2150,2221,2132,2221,2188,15157,49820
lu,2105,2020-11-03,2180,2265,2180,2251,2232,961,5180
lu,2106,2020-11-03,2289,2289,2264,2264,2280,3,176
lu,2107,2020-11-03,2270,2300,2270,2300,2286,3,63
lu,2108,2020-11-03,,,,2374,2374,0,4
lu,2109,2020-11-03,2450,2518,2420,2470,2474,21,121
lu,2110,2020-11-03,,,,2603,2603,0,0
lu,2111,2020-11-03,,,,2586,2586,0,0
lu,2101,2020-11-04,2137,2192,2127,2167,2159,69980,68788
lu,2102,2020-11-04,2155,2238,2155,2238,2202,13283,39782
lu,2103,2020-11-04,2189,2264,2189,2237,2230,26740,46477
lu,2104,2020-11-04,2247,2285,2221,2270,2257,14037,47541
lu,2105,2020-11-04,2258,2318,2258,2306,2295,1623,4512
lu,2106,2020-11-04,2307,2330,2307,2330,2314,3,177
lu,2107,2020-11-04,2335,2380,2335,2380,2351,6,63
lu,2108,2020-11-04,,,,2441,2441,0,4
lu,2109,2020-11-04,2549,2550,2479,2534,2517,68,113
lu,2110,2020-11-04,,,,2603,2603,0,0
lu,2111,2020-11-04,,,,2631,2631,0,0
lu,2101,2020-11-05,2193,2209,2147,2193,2185,47414,64707
lu,2102,2020-11-05,2229,2240,2184,2217,2218,11659,39261
lu,2103,2020-11-05,2250,2269,2216,2247,2247,13459,46545
lu,2104,2020-11-05,2276,2289,2245,2265,2271,13330,47033
lu,2105,2020-11-05,2317,2324,2284,2301,2305,891,4580
lu,2106,2020-11-05,,,,2314,2314,0,177
lu,2107,2020-11-05,2362,2362,2362,2362,2362,1,63
lu,2108,2020-11-05,,,,2441,2441,0,4
lu,2109,2020-11-05,2530,2530,2498,2509,2510,12,114
lu,2110,2020-11-05,,,,2603,2603,0,0
lu,2111,2020-11-05,,,,2624,2624,0,0
lu,2101,2020-11-06,2205,2228,2139,2158,2183,42385,63341
lu,2102,2020-11-06,2240,2245,2171,2187,2205,11725,40047
lu,2103,2020-11-06,2254,2272,2201,2213,2230,19722,47923
lu,2104,2020-11-06,2276,2288,2220,2238,2252,12868,48531
lu,2105,2020-11-06,2308,2320,2261,2274,2298,1356,4763
lu,2106,2020-11-06,2321,2321,2321,2321,2321,2,178
lu,2107,2020-11-06,2385,2385,2325,2325,2379,18,65
lu,2108,2020-11-06,2484,2484,2420,2420,2469,9,9
lu,2109,2020-11-06,2564,2564,2488,2490,2507,26,117
lu,2110,2020-11-06,,,,2603,2603,0,0
lu,2111,2020-11-06,,,,2621,2621,0,0
lu,2101,2020-11-09,2158,2227,2150,2197,2195,37123,62919
lu,2102,2020-11-09,2190,2248,2182,2223,2222,9419,39919
lu,2103,2020-11-09,2213,2273,2209,2255,2248,15807,48368
lu,2104,2020-11-09,2232,2286,2232,2280,2269,9746,49076
lu,2105,2020-11-09,2274,2324,2274,2314,2293,1905,4893
lu,2106,2020-11-09,2358,2358,2341,2341,2349,2,178
lu,2107,2020-11-09,2360,2391,2360,2375,2378,8,66
lu,2108,2020-11-09,2470,2470,2421,2421,2448,11,7
lu,2109,2020-11-09,2519,2519,2490,2505,2507,6,120
lu,2110,2020-11-09,,,,2603,2603,0,0
lu,2111,2020-11-09,,,,2621,2621,0,0
lu,2101,2020-11-10,2311,2325,2245,2269,2287,75478,59307
lu,2102,2020-11-10,2345,2366,2280,2304,2311,13215,39620
lu,2103,2020-11-10,2375,2390,2320,2342,2350,25529,50933
lu,2104,2020-11-10,2350,2409,2348,2360,2374,18879,49252
lu,2105,2020-11-10,2350,2455,2350,2388,2407,2305,4945
lu,2106,2020-11-10,2360,2470,2360,2396,2419,63,169
lu,2107,2020-11-10,2495,2495,2431,2450,2457,5,63
lu,2108,2020-11-10,2500,2500,2500,2500,2500,1,6
lu,2109,2020-11-10,2580,2685,2541,2551,2564,12,121
lu,2110,2020-11-10,,,,2603,2603,0,0
lu,2111,2020-11-10,,,,2681,2681,0,0
lu,2101,2020-11-11,2279,2383,2272,2355,2337,57589,58364
lu,2102,2020-11-11,2307,2423,2307,2419,2381,17730,40249
lu,2103,2020-11-11,2375,2462,2349,2444,2425,41485,59977
lu,2104,2020-11-11,2376,2474,2374,2450,2431,15404,49905
lu,2105,2020-11-11,2403,2491,2396,2471,2461,4171,5509
lu,2106,2020-11-11,2438,2497,2438,2497,2466,6,169
lu,2107,2020-11-11,2462,2510,2462,2510,2485,8,66
lu,2108,2020-11-11,,,,2500,2500,0,6
lu,2109,2020-11-11,2646,2646,2597,2606,2615,7,124
lu,2110,2020-11-11,,,,2603,2603,0,0
lu,2111,2020-11-11,,,,2734,2734,0,0
lu,2101,2020-11-12,2370,2384,2307,2326,2341,57000,54011
lu,2102,2020-11-12,2428,2433,2337,2371,2381,16056,39984
lu,2103,2020-11-12,2445,2485,2377,2420,2421,44126,61918
lu,2104,2020-11-12,2461,2503,2395,2430,2437,17565,50336
lu,2105,2020-11-12,2479,2519,2425,2446,2466,3467,5818
lu,2106,2020-11-12,2518,2518,2442,2458,2463,80,118
lu,2107,2020-11-12,2480,2482,2468,2468,2476,6,64
lu,2108,2020-11-12,,,,2500,2500,0,6
lu,2109,2020-11-12,2596,2606,2590,2606,2596,4,123
lu,2110,2020-11-12,,,,2603,2603,0,0
lu,2111,2020-11-12,,,,2714,2714,0,0
lu,2101,2020-11-13,2313,2344,2248,2261,2291,38949,52313
lu,2102,2020-11-13,2365,2386,2288,2305,2335,9558,39929
lu,2103,2020-11-13,2417,2434,2329,2352,2372,31813,60920
lu,2104,2020-11-13,2426,2452,2350,2377,2398,12157,50893
lu,2105,2020-11-13,2441,2479,2388,2402,2425,2615,5852
lu,2106,2020-11-13,2453,2453,2453,2453,2453,1,118
lu,2107,2020-11-13,2495,2495,2409,2441,2452,7,62
lu,2108,2020-11-13,,,,2500,2500,0,6
lu,2109,2020-11-13,2595,2595,2583,2583,2587,3,125
lu,2110,2020-11-13,,,,2603,2603,0,0
lu,2111,2020-11-13,,,,2704,2704,0,0
lu,2101,2020-11-16,2259,2287,2250,2269,2272,30001,50767
lu,2102,2020-11-16,2303,2330,2288,2309,2314,10724,39869
lu,2103,2020-11-16,2351,2381,2182,2355,2364,23372,62529
lu,2104,2020-11-16,2375,2402,2360,2382,2387,11927,51589
lu,2105,2020-11-16,2414,2430,2389,2411,2414,2263,5878
lu,2106,2020-11-16,,,,2453,2453,0,118
lu,2107,2020-11-16,,,,2452,2452,0,62
lu,2108,2020-11-16,,,,2500,2500,0,6
lu,2109,2020-11-16,2570,2570,2558,2558,2564,2,125
lu,2110,2020-11-16,,,,2603,2603,0,0
lu,2111,2020-11-16,,,,2679,2679,0,0
lu,2101,2020-11-17,2314,2348,2296,2304,2323,49098,48527
lu,2102,2020-11-17,2361,2397,2329,2358,2363,14935,40313
lu,2103,2020-11-17,2395,2449,2378,2394,2412,40756,64924
lu,2104,2020-11-17,2393,2471,2393,2423,2439,20743,53492
lu,2105,2020-11-17,2442,2487,2436,2447,2460,1927,5766
lu,2106,2020-11-17,2493,2495,2490,2495,2492,31,107
lu,2107,2020-11-17,2503,2503,2484,2500,2495,3,63
lu,2108,2020-11-17,,,,2500,2500,0,6
lu,2109,2020-11-17,2626,2626,2598,2598,2615,3,127
lu,2110,2020-11-17,,,,2603,2603,0,0
lu,2111,2020-11-17,,,,2732,2732,0,0
lu,2101,2020-11-18,2302,2313,2259,2295,2291,30966,44849
lu,2102,2020-11-18,2342,2354,2304,2338,2334,9750,40002
lu,2103,2020-11-18,2389,2405,2354,2387,2385,26088,63357
lu,2104,2020-11-18,2417,2433,2380,2415,2414,12934,53426
lu,2105,2020-11-18,2448,2454,2412,2436,2440,874,5807
lu,2106,2020-11-18,,,,2492,2492,0,107
lu,2107,2020-11-18,,,,2495,2495,0,63
lu,2108,2020-11-18,,,,2500,2500,0,6
lu,2109,2020-11-18,2608,2608,2608,2608,2608,1,127
lu,2110,2020-11-18,,,,2603,2603,0,0
lu,2111,2020-11-18,,,,2724,2724,0,0
lu,2101,2020-11-19,2336,2352,2304,2323,2331,40220,43310
lu,2102,2020-11-19,2385,2397,2345,2351,2373,13389,40246
lu,2103,2020-11-19,2425,2449,2392,2416,2423,29304,62416
lu,2104,2020-11-19,2430,2508,2426,2450,2451,17284,54050
lu,2105,2020-11-19,2465,2495,2446,2461,2470,1647,5957
lu,2106,2020-11-19,2518,2518,2488,2488,2494,7,102
lu,2107,2020-11-19,,,,2495,2495,0,63
lu,2108,2020-11-19,,,,2500,2500,0,6
lu,2109,2020-11-19,2600,2625,2600,2625,2608,3,125
lu,2110,2020-11-19,,,,2603,2603,0,0
lu,2111,2020-11-19,,,,2724,2724,0,0
lu,2101,2020-11-20,2324,2375,2324,2346,2350,34613,43857
lu,2102,2020-11-20,2362,2415,2362,2392,2392,16453,40490
lu,2103,2020-11-20,2420,2464,2410,2430,2437,33837,63915
lu,2104,2020-11-20,2443,2483,2432,2445,2461,17019,54231
lu,2105,2020-11-20,2478,2495,2458,2473,2476,1000,5826
lu,2106,2020-11-20,2505,2506,2505,2505,2505,65,95
lu,2107,2020-11-20,2547,2547,2512,2525,2528,3,63
lu,2108,2020-11-20,,,,2500,2500,0,6
lu,2109,2020-11-20,2618,2651,2616,2651,2628,6,131
lu,2110,2020-11-20,,,,2603,2603,0,0
lu,2111,2020-11-20,,,,2745,2745,0,0
lu,2101,2020-11-23,2344,2393,2300,2374,2358,46894,42706
lu,2102,2020-11-23,2382,2440,2299,2412,2403,19830,40646
lu,2103,2020-11-23,2431,2489,2404,2473,2451,45814,70054
lu,2104,2020-11-23,2264,2507,2264,2491,2461,22815,55683
lu,2105,2020-11-23,2470,2522,2456,2516,2492,1614,5894
lu,2106,2020-11-23,2530,2540,2521,2540,2532,5,90
lu,2107,2020-11-23,,,,2528,2528,0,63
lu,2108,2020-11-23,,,,2500,2500,0,6
lu,2109,2020-11-23,2616,2641,2616,2641,2625,9,132
lu,2110,2020-11-23,,,,2603,2603,0,0
lu,2111,2020-11-23,,,,2742,2742,0,0
lu,2101,2020-11-24,2376,2457,2369,2449,2408,46553,41056
lu,2102,2020-11-24,2422,2488,2415,2488,2449,20575,32668
lu,2103,2020-11-24,2485,2536,2461,2536,2497,44271,76167
lu,2104,2020-11-24,2493,2555,2482,2548,2518,16351,56511
lu,2105,2020-11-24,2517,2578,2507,2578,2541,1530,6116
lu,2106,2020-11-24,,,,2532,2532,0,90
lu,2107,2020-11-24,2566,2588,2549,2588,2567,6,64
lu,2108,2020-11-24,,,,2500,2500,0,6
lu,2109,2020-11-24,2650,2714,2650,2714,2668,7,133
lu,2110,2020-11-24,,,,2603,2603,0,0
lu,2111,2020-11-24,,,,2787,2787,0,0
lu,2101,2020-11-25,2448,2522,2428,2486,2475,62299,36906
lu,2102,2020-11-25,2500,2564,2463,2531,2511,22595,23148
lu,2103,2020-11-25,2528,2614,2512,2582,2563,51305,78479
lu,2104,2020-11-25,2552,2630,2534,2609,2580,17958,55848
lu,2105,2020-11-25,2580,2645,2558,2622,2595,4092,7032
lu,2106,2020-11-25,2571,2646,2571,2646,2610,5,85
lu,2107,2020-11-25,2598,2598,2585,2585,2591,2,65
lu,2108,2020-11-25,2690,2690,2690,2690,2690,1,6
lu,2109,2020-11-25,2705,2791,2671,2760,2721,41,142
lu,2110,2020-11-25,,,,2603,2603,0,0
lu,2111,2020-11-25,,,,2842,2842,0,0
lu,2101,2020-11-26,2488,2564,2479,2528,2524,48611,33873
lu,2102,2020-11-26,2531,2600,2528,2562,2564,11514,15697
lu,2103,2020-11-26,2588,2652,2579,2613,2617,43054,79053
lu,2104,2020-11-26,2609,2675,2602,2642,2642,19877,55719
lu,2105,2020-11-26,2637,2695,2620,2665,2663,4452,8717
lu,2106,2020-11-26,2666,2715,2654,2684,2691,3842,591
lu,2107,2020-11-26,2688,2737,2688,2730,2725,7,61
lu,2108,2020-11-26,,,,2690,2690,0,6
lu,2109,2020-11-26,2766,2800,2740,2745,2764,26,146
lu,2110,2020-11-26,,,,2644,2644,0,0
lu,2111,2020-11-26,,,,2887,2887,0,0
lu,2101,2020-11-27,2500,2505,2454,2465,2476,34963,28401
lu,2102,2020-11-27,2544,2545,2492,2501,2515,9032,13323
lu,2103,2020-11-27,2600,2600,2546,2556,2564,61029,76409
lu,2104,2020-11-27,2608,2625,2570,2583,2590,21089,55232
lu,2105,2020-11-27,2639,2642,2600,2612,2614,6010,11358
lu,2106,2020-11-27,2640,2653,2612,2643,2638,5576,812
lu,2107,2020-11-27,2620,2682,2620,2650,2656,15,62
lu,2108,2020-11-27,2658,2658,2658,2658,2658,1,7
lu,2109,2020-11-27,2710,2710,2706,2706,2708,3,145
lu,2110,2020-11-27,,,,2644,2644,0,0
lu,2111,2020-11-27,,,,2828,2828,0,0
lu,2101,2020-11-30,2480,2484,2404,2407,2446,22265,23589
lu,2102,2020-11-30,2508,2530,2434,2457,2486,6352,11975
lu,2103,2020-11-30,2553,2587,2514,2524,2555,59068,77756
lu,2104,2020-11-30,2600,2618,2555,2565,2590,21177,56600
lu,2105,2020-11-30,2617,2642,2582,2601,2615,10216,16163
lu,2106,2020-11-30,2643,2673,2611,2621,2638,3937,726
lu,2107,2020-11-30,,,,2656,2656,0,62
lu,2108,2020-11-30,,,,2658,2658,0,7
lu,2109,2020-11-30,2730,2762,2699,2712,2740,29,153
lu,2110,2020-11-30,,,,2675,2675,0,0
lu,2111,2020-11-30,,,,2862,2862,0,0
lu,2101,2020-12-01,2420,2463,2376,2407,2414,17876,19089
lu,2102,2020-12-01,2481,2526,2458,2473,2485,9091,7798
lu,2103,2020-12-01,2552,2603,2525,2532,2560,64934,82067
lu,2104,2020-12-01,2573,2646,2571,2575,2602,21325,58005
lu,2105,2020-12-01,2611,2671,2600,2604,2633,6722,17581
lu,2106,2020-12-01,2638,2700,2634,2641,2661,5898,1063
lu,2107,2020-12-01,,,,2656,2656,0,62
lu,2108,2020-12-01,,,,2658,2658,0,7
lu,2109,2020-12-01,2705,2715,2705,2715,2709,4,153
lu,2110,2020-12-01,,,,2675,2675,0,0
lu,2111,2020-12-01,,,,2829,2829,0,0
lu,2112,2020-12-01,,,,2829,2829,0,0
lu,2101,2020-12-02,2409,2421,2316,2353,2367,13499,15833
lu,2102,2020-12-02,2474,2484,2395,2433,2453,6363,4189
lu,2103,2020-12-02,2566,2566,2461,2483,2502,66573,86426
lu,2104,2020-12-02,2582,2591,2503,2521,2540,24407,58519
lu,2105,2020-12-02,2616,2618,2535,2560,2563,11580,20575
lu,2106,2020-12-02,2641,2641,2570,2582,2610,2908,915
lu,2107,2020-12-02,2637,2637,2616,2616,2626,2,60
lu,2108,2020-12-02,,,,2658,2658,0,7
lu,2109,2020-12-02,2700,2772,2693,2706,2720,22,160
lu,2110,2020-12-02,,,,2675,2675,0,0
lu,2111,2020-12-02,,,,2841,2841,0,0
lu,2112,2020-12-02,,,,2841,2841,0,0
lu,2101,2020-12-03,2363,2400,2347,2377,2375,9023,14874
lu,2102,2020-12-03,2428,2486,2418,2478,2463,4521,3248
lu,2103,2020-12-03,2495,2562,2485,2531,2526,71138,85804
lu,2104,2020-12-03,2527,2604,2524,2567,2572,29002,56047
lu,2105,2020-12-03,2572,2638,2556,2606,2605,13031,23715
lu,2106,2020-12-03,2582,2670,2582,2635,2632,1088,989
lu,2107,2020-12-03,,,,2626,2626,0,60
lu,2108,2020-12-03,,,,2658,2658,0,7
lu,2109,2020-12-03,2696,2731,2696,2731,2717,6,161
lu,2110,2020-12-03,,,,2675,2675,0,0
lu,2111,2020-12-03,,,,2838,2838,0,0
lu,2112,2020-12-03,,,,2838,2838,0,0
lu,2101,2020-12-04,2373,2448,2330,2433,2401,9352,14465
lu,2102,2020-12-04,2469,2538,2425,2508,2498,1790,2732
lu,2103,2020-12-04,2532,2605,2490,2563,2554,71573,83960
lu,2104,2020-12-04,2564,2648,2533,2600,2591,28747,54356
lu,2105,2020-12-04,2606,2680,2565,2638,2633,10830,26151
lu,2106,2020-12-04,2628,2706,2613,2673,2660,1884,924
lu,2107,2020-12-04,,,,2626,2626,0,60
lu,2108,2020-12-04,,,,2658,2658,0,7
lu,2109,2020-12-04,2710,2788,2710,2755,2745,26,171
lu,2110,2020-12-04,,,,2675,2675,0,0
lu,2111,2020-12-04,,,,2867,2867,0,0
lu,2112,2020-12-04,,,,2867,2867,0,0
lu,2101,2020-12-07,2422,2441,2389,2439,2418,4716,13575
lu,2102,2020-12-07,2505,2527,2464,2515,2495,841,2414
lu,2103,2020-12-07,2556,2587,2528,2580,2554,62514,84487
lu,2104,2020-12-07,2610,2620,2570,2615,2591,19731,53690
lu,2105,2020-12-07,2636,2666,2613,2650,2636,11119,27107
lu,2106,2020-12-07,2673,2697,2645,2691,2663,816,781
lu,2107,2020-12-07,2675,2679,2646,2679,2666,3,60
lu,2108,2020-12-07,2671,2671,2671,2671,2671,1,8
lu,2109,2020-12-07,2772,2776,2740,2776,2758,4,173
lu,2110,2020-12-07,,,,2675,2675,0,0
lu,2111,2020-12-07,,,,2881,2881,0,0
lu,2112,2020-12-07,,,,2881,2881,0,0
lu,2101,2020-12-08,2426,2445,2365,2378,2407,2637,12969
lu,2102,2020-12-08,2506,2514,2433,2449,2473,904,2118
lu,2103,2020-12-08,2565,2589,2485,2508,2544,64240,82781
lu,2104,2020-12-08,2608,2623,2537,2546,2579,23733,53049
lu,2105,2020-12-08,2627,2666,2583,2592,2620,10493,27840
lu,2106,2020-12-08,2670,2694,2627,2634,2644,823,853
lu,2107,2020-12-08,2702,2702,2659,2659,2681,6,60
lu,2108,2020-12-08,2708,2708,2708,2708,2708,1,9
lu,2109,2020-12-08,2710,2784,2710,2778,2747,37,187
lu,2110,2020-12-08,,,,2675,2675,0,0
lu,2111,2020-12-08,,,,2869,2869,0,0
lu,2112,2020-12-08,,,,2869,2869,0,0
lu,2101,2020-12-09,2380,2445,2380,2442,2426,6692,9451
lu,2102,2020-12-09,2466,2499,2450,2492,2479,616,1828
lu,2103,2020-12-09,2515,2548,2497,2517,2528,59922,80691
lu,2104,2020-12-09,2552,2580,2528,2553,2563,19921,52867
lu,2105,2020-12-09,2598,2614,2563,2590,2595,8060,27688
lu,2106,2020-12-09,2640,2647,2601,2621,2632,1926,744
lu,2107,2020-12-09,,,,2681,2681,0,60
lu,2108,2020-12-09,,,,2708,2708,0,9
lu,2109,2020-12-09,2750,2768,2719,2759,2738,30,190
lu,2110,2020-12-09,,,,2675,2675,0,0
lu,2111,2020-12-09,,,,2859,2859,0,0
lu,2112,2020-12-09,,,,2859,2859,0,0
lu,2101,2020-12-10,2449,2475,2430,2463,2460,1983,8902
lu,2102,2020-12-10,2495,2523,2487,2487,2507,245,1782
lu,2103,2020-12-10,2530,2568,2510,2528,2540,65205,83525
lu,2104,2020-12-10,2556,2598,2547,2550,2570,21797,53425
lu,2105,2020-12-10,2589,2631,2580,2580,2602,9450,27599
lu,2106,2020-12-10,2651,2656,2618,2618,2634,141,717
lu,2107,2020-12-10,,,,2681,2681,0,60
lu,2108,2020-12-10,,,,2708,2708,0,9
lu,2109,2020-12-10,2755,2815,2733,2733,2752,26,205
lu,2110,2020-12-10,,,,2675,2675,0,0
lu,2111,2020-12-10,,,,2873,2873,0,0
lu,2112,2020-12-10,,,,2873,2873,0,0
lu,2101,2020-12-11,2473,2543,2438,2516,2492,2514,7540
lu,2102,2020-12-11,2525,2700,2506,2580,2566,575,1693
lu,2103,2020-12-11,2545,2670,2544,2616,2604,115221,91064
lu,2104,2020-12-11,2570,2681,2570,2646,2622,30253,51680
lu,2105,2020-12-11,2600,2703,2600,2671,2654,11365,26938
lu,2106,2020-12-11,2624,2736,2624,2698,2674,333,658
lu,2107,2020-12-11,2739,2739,2718,2725,2727,3,59
lu,2108,2020-12-11,,,,2754,2754,0,9
lu,2109,2020-12-11,2760,2827,2760,2770,2779,27,207
lu,2110,2020-12-11,,,,2675,2675,0,0
lu,2111,2020-12-11,,,,2901,2901,0,0
lu,2112,2020-12-11,,,,2901,2901,0,0
lu,2101,2020-12-14,2510,2558,2472,2516,2516,1196,6924
lu,2102,2020-12-14,2572,2635,2538,2588,2564,217,1660
lu,2103,2020-12-14,2602,2687,2588,2676,2633,90407,97963
lu,2104,2020-12-14,2633,2712,2618,2700,2658,21128,51550
lu,2105,2020-12-14,2660,2736,2648,2730,2691,10317,26708
lu,2106,2020-12-14,2685,2757,2680,2757,2713,184,638
lu,2107,2020-12-14,,,,2727,2727,0,59
lu,2108,2020-12-14,,,,2794,2794,0,9
lu,2109,2020-12-14,2810,2885,2791,2811,2819,13,209
lu,2110,2020-12-14,,,,2675,2675,0,0
lu,2111,2020-12-14,,,,2943,2943,0,0
lu,2112,2020-12-14,,,,2943,2943,0,0
lu,2101,2020-12-15,2506,2540,2506,2530,2529,48,6885
lu,2102,2020-12-15,2622,2622,2512,2576,2599,372,1407
lu,2103,2020-12-15,2683,2687,2603,2635,2650,68957,99045
lu,2104,2020-12-15,2697,2716,2646,2664,2676,17218,50902
lu,2105,2020-12-15,2731,2738,2672,2706,2705,8465,26997
lu,2106,2020-12-15,2752,2757,2706,2735,2733,153,642
lu,2107,2020-12-15,2789,2789,2712,2776,2763,4,59
lu,2108,2020-12-15,2838,2838,2746,2746,2792,2,9
lu,2109,2020-12-15,2849,2849,2800,2825,2813,12,209
lu,2110,2020-12-15,,,,2675,2675,0,0
lu,2111,2020-12-15,,,,2943,2943,0,0
lu,2112,2020-12-15,,,,2943,2943,0,0
lu,2101,2020-12-16,2530,2530,2530,2530,2530,1010,5875
lu,2102,2020-12-16,2589,2612,2586,2607,2596,298,1326
lu,2103,2020-12-16,2658,2675,2632,2634,2650,55587,97743
lu,2104,2020-12-16,2670,2705,2661,2666,2678,19953,49414
lu,2105,2020-12-16,2712,2739,2696,2699,2718,6585,26573
lu,2106,2020-12-16,2758,2763,2714,2727,2727,1002,698
lu,2107,2020-12-16,,,,2763,2763,0,59
lu,2108,2020-12-16,,,,2792,2792,0,9
lu,2109,2020-12-16,2815,2835,2815,2835,2825,2,209
lu,2110,2020-12-16,,,,2675,2675,0,0
lu,2111,2020-12-16,,,,2943,2943,0,0
lu,2112,2020-12-16,,,,2943,2943,0,0
lu,2101,2020-12-17,,,,2530,2530,0,5875
lu,2102,2020-12-17,2595,2759,2581,2712,2701,404,1491
lu,2103,2020-12-17,2639,2721,2626,2697,2680,72590,100985
lu,2104,2020-12-17,2670,2749,2658,2732,2713,22844,50680
lu,2105,2020-12-17,2707,2781,2692,2769,2745,8501,26476
lu,2106,2020-12-17,2727,2803,2723,2794,2785,1040,666
lu,2107,2020-12-17,2800,2800,2800,2800,2800,1,59
lu,2108,2020-12-17,2809,2809,2804,2804,2806,2,10
lu,2109,2020-12-17,2808,2941,2808,2870,2860,24,211
lu,2110,2020-12-17,,,,2708,2708,0,0
lu,2111,2020-12-17,,,,2943,2943,0,0
lu,2112,2020-12-17,2974,2974,2974,2974,2974,1,1
lu,2101,2020-12-18,2616,2620,2616,2620,2616,208,5967
lu,2102,2020-12-18,2708,2734,2626,2626,2672,281,1427
lu,2103,2020-12-18,2690,2693,2632,2651,2668,65419,93192
lu,2104,2020-12-18,2723,2730,2669,2689,2708,20321,50053
lu,2105,2020-12-18,2759,2764,2710,2738,2742,8771,26899
lu,2106,2020-12-18,2780,2787,2728,2787,2761,180,690
lu,2107,2020-12-18,2816,2816,2799,2800,2803,8,53
lu,2108,2020-12-18,2812,2812,2812,2812,2812,1,9
lu,2109,2020-12-18,2860,2883,2835,2864,2853,25,207
lu,2110,2020-12-18,,,,2708,2708,0,0
lu,2111,2020-12-18,,,,2943,2943,0,0
lu,2112,2020-12-18,2921,2921,2921,2921,2921,1,0
lu,2101,2020-12-21,2590,2590,2406,2406,2588,151,6116
lu,2102,2020-12-21,2651,2704,2501,2530,2562,33,1417
lu,2103,2020-12-21,2652,2725,2560,2591,2628,99663,84839
lu,2104,2020-12-21,2689,2758,2605,2627,2663,27352,48916
lu,2105,2020-12-21,2746,2794,2652,2668,2705,17746,28336
lu,2106,2020-12-21,2787,2810,2692,2693,2757,958,737
lu,2107,2020-12-21,2744,2744,2728,2728,2738,3,53
lu,2108,2020-12-21,2796,2796,2796,2796,2796,1,8
lu,2109,2020-12-21,2880,2914,2756,2815,2856,59,201
lu,2110,2020-12-21,,,,2711,2711,0,0
lu,2111,2020-12-21,,,,2943,2943,0,0
lu,2112,2020-12-21,,,,2924,2924,0,0
lu,2101,2020-12-22,2440,2440,2440,2440,2440,1500,4616
lu,2102,2020-12-22,2551,2594,2366,2490,2457,445,1319
lu,2103,2020-12-22,2580,2623,2521,2534,2572,73792,78256
lu,2104,2020-12-22,2616,2656,2551,2561,2607,21463,49671
lu,2105,2020-12-22,2638,2698,2588,2595,2647,10805,29122
lu,2106,2020-12-22,2671,2730,2632,2632,2680,628,727
lu,2107,2020-12-22,,,,2738,2738,0,53
lu,2108,2020-12-22,2779,2779,2762,2762,2770,2,7
lu,2109,2020-12-22,2770,2818,2736,2745,2767,102,225
lu,2110,2020-12-22,,,,2711,2711,0,0
lu,2111,2020-12-22,,,,2943,2943,0,0
lu,2112,2020-12-22,,,,2833,2833,0,0
lu,2101,2020-12-23,2415,2415,2251,2267,2409,104,4716
lu,2102,2020-12-23,2488,2534,2368,2470,2456,983,1026
lu,2103,2020-12-23,2570,2587,2500,2521,2537,67457,72218
lu,2104,2020-12-23,2591,2615,2529,2554,2569,20832,50829
lu,2105,2020-12-23,2639,2646,2563,2599,2606,10295,28693
lu,2106,2020-12-23,2667,2676,2576,2626,2658,1325,905
lu,2107,2020-12-23,2691,2691,2691,2691,2691,1,53
lu,2108,2020-12-23,2705,2705,2705,2705,2705,1,6
lu,2109,2020-12-23,2769,2780,2715,2723,2748,11,225
lu,2110,2020-12-23,,,,2711,2711,0,0
lu,2111,2020-12-23,,,,2940,2940,0,0
lu,2112,2020-12-23,,,,2833,2833,0,0
lu,2101,2020-12-24,2267,2425,2267,2425,2408,57,4659
lu,2102,2020-12-24,2480,2533,2480,2515,2500,19,1009
lu,2103,2020-12-24,2540,2619,2540,2598,2581,59841,65030
lu,2104,2020-12-24,2572,2639,2572,2620,2611,17223,52973
lu,2105,2020-12-24,2610,2657,2607,2639,2634,8543,29986
lu,2106,2020-12-24,2640,2686,2640,2657,2662,4229,1679
lu,2107,2020-12-24,2690,2690,2690,2690,2690,2,52
lu,2108,2020-12-24,,,,2705,2705,0,6
lu,2109,2020-12-24,2750,2818,2669,2757,2760,23,231
lu,2110,2020-12-24,,,,2711,2711,0,0
lu,2111,2020-12-24,,,,2940,2940,0,0
lu,2112,2020-12-24,2850,2850,2850,2850,2850,1,1
lu,2102,2020-12-25,,,,2512,2512,0,1009
lu,2103,2020-12-25,2565,2616,2562,2610,2589,44865,55846
lu,2104,2020-12-25,2608,2640,2586,2630,2616,15481,54640
lu,2105,2020-12-25,2622,2660,2601,2659,2639,7953,30995
lu,2106,2020-12-25,2646,2683,2639,2674,2663,3952,1809
lu,2107,2020-12-25,,,,2690,2690,0,52
lu,2108,2020-12-25,,,,2705,2705,0,6
lu,2109,2020-12-25,2752,2799,2742,2763,2764,4,232
lu,2110,2020-12-25,,,,2711,2711,0,0
lu,2111,2020-12-25,,,,2940,2940,0,0
lu,2112,2020-12-25,,,,2854,2854,0,1
lu,2201,2020-12-25,,,,2854,2854,0,0
lu,2102,2020-12-28,,,,2512,2512,0,1009
lu,2103,2020-12-28,2615,2631,2549,2563,2580,43225,46459
lu,2104,2020-12-28,2632,2655,2578,2591,2607,18282,55214
lu,2105,2020-12-28,2660,2668,2606,2629,2637,11930,32828
lu,2106,2020-12-28,2682,2693,2634,2668,2663,1567,1567
lu,2107,2020-12-28,2704,2712,2660,2674,2690,5712,920
lu,2108,2020-12-28,2723,2723,2723,2723,2723,1,7
lu,2109,2020-12-28,2750,2790,2738,2750,2751,7,239
lu,2110,2020-12-28,,,,2711,2711,0,0
lu,2111,2020-12-28,,,,2940,2940,0,0
lu,2112,2020-12-28,,,,2854,2854,0,1
lu,2201,2020-12-28,,,,2841,2841,0,0
lu,2102,2020-12-29,2481,2616,2481,2616,2531,40,1010
lu,2103,2020-12-29,2581,2632,2547,2589,2586,44923,40757
lu,2104,2020-12-29,2630,2657,2580,2616,2617,25241,58518
lu,2105,2020-12-29,2655,2683,2613,2656,2650,15992,36692
lu,2106,2020-12-29,2688,2702,2637,2670,2671,2450,1362
lu,2107,2020-12-29,2720,2765,2665,2693,2697,4259,908
lu,2108,2020-12-29,2730,2730,2730,2730,2730,1,6
lu,2109,2020-12-29,2786,2786,2751,2786,2770,18,232
lu,2110,2020-12-29,,,,2711,2711,0,0
lu,2111,2020-12-29,,,,2940,2940,0,0
lu,2112,2020-12-29,,,,2873,2873,0,1
lu,2201,2020-12-29,2979,2979,2979,2979,2979,2,2
lu,2102,2020-12-30,2616,2616,2544,2560,2570,4,1010
lu,2103,2020-12-30,2589,2620,2568,2589,2597,41545,34804
lu,2104,2020-12-30,2637,2653,2603,2622,2625,24760,62301
lu,2105,2020-12-30,2662,2683,2632,2650,2657,11997,38848
lu,2106,2020-12-30,2694,2712,2655,2667,2687,1570,1366
lu,2107,2020-12-30,2716,2726,2656,2656,2700,3641,1087
lu,2108,2020-12-30,,,,2730,2730,0,6
lu,2109,2020-12-30,2791,2800,2756,2761,2774,9,236
lu,2110,2020-12-30,,,,2711,2711,0,0
lu,2111,2020-12-30,,,,2940,2940,0,0
lu,2112,2020-12-30,,,,2873,2873,0,1
lu,2201,2020-12-30,,,,2979,2979,0,2
lu,2102,2020-12-31,2503,2503,2503,2503,2503,10,1020
lu,2103,2020-12-31,2608,2661,2573,2645,2622,39314,30023
lu,2104,2020-12-31,2612,2676,2600,2652,2642,27051,66358
lu,2105,2020-12-31,2659,2693,2625,2670,2665,9991,40574
lu,2106,2020-12-31,2667,2717,2645,2684,2677,3162,1100
lu,2107,2020-12-31,2694,2763,2673,2696,2709,3973,1238
lu,2108,2020-12-31,2725,2725,2725,2725,2725,1,7
lu,2109,2020-12-31,2752,2808,2752,2808,2778,9,240
lu,2110,2020-12-31,,,,2711,2711,0,0
lu,2111,2020-12-31,,,,2940,2940,0,0
lu,2112,2020-12-31,,,,2878,2878,0,1
lu,2201,2020-12-31,,,,2984,2984,0,2
lu,2102,2021-01-04,2602,2693,2602,2693,2647,6,1017
lu,2103,2021-01-04,2645,2710,2614,2704,2667,27558,30808
lu,2104,2021-01-04,2673,2724,2630,2714,2682,25988,67655
lu,2105,2021-01-04,2669,2751,2643,2739,2708,11177,42015
lu,2106,2021-01-04,2684,2786,2671,2786,2732,649,1140
lu,2107,2021-01-04,2720,2790,2719,2740,2747,700,1043
lu,2108,2021-01-04,2729,2729,2729,2729,2729,3,7
lu,2109,2021-01-04,2813,2871,2812,2839,2838,12,242
lu,2110,2021-01-04,,,,2770,2770,0,0
lu,2111,2021-01-04,,,,3004,3004,0,0
lu,2112,2021-01-04,2900,2900,2900,2900,2900,1,1
lu,2201,2021-01-04,,,,2982,2982,0,2
lu,2102,2021-01-05,2575,2575,2575,2575,2575,7,1010
lu,2103,2021-01-05,2670,2696,2583,2595,2631,22010,29912
lu,2104,2021-01-05,2689,2712,2604,2606,2652,32939,70439
lu,2105,2021-01-05,2713,2739,2631,2642,2684,19227,46090
lu,2106,2021-01-05,2735,2757,2658,2658,2725,2365,1324
lu,2107,2021-01-05,2756,2777,2599,2599,2748,2190,1120
lu,2108,2021-01-05,,,,2729,2729,0,7
lu,2109,2021-01-05,2835,2841,2740,2772,2796,30,254
lu,2110,2021-01-05,,,,2770,2770,0,0
lu,2111,2021-01-05,,,,3004,3004,0,0
lu,2112,2021-01-05,,,,2900,2900,0,1
lu,2201,2021-01-05,,,,2938,2938,0,2
lu,2102,2021-01-06,2582,2689,2582,2689,2627,29,993
lu,2103,2021-01-06,2625,2743,2611,2726,2683,23059,25371
lu,2104,2021-01-06,2624,2769,2624,2766,2708,64875,77310
lu,2105,2021-01-06,2686,2784,2654,2770,2728,18663,46283
lu,2106,2021-01-06,2693,2805,2679,2785,2713,767,1026
lu,2107,2021-01-06,2686,2825,2686,2806,2774,2596,998
lu,2108,2021-01-06,2730,2758,2730,2758,2744,2,7
lu,2109,2021-01-06,2797,2927,2797,2861,2855,49,264
lu,2110,2021-01-06,,,,2812,2812,0,0
lu,2111,2021-01-06,,,,3004,3004,0,0
lu,2112,2021-01-06,,,,2961,2961,0,1
lu,2201,2021-01-06,,,,2938,2938,0,2
lu,2102,2021-01-07,2621,2717,2621,2717,2669,2,993
lu,2103,2021-01-07,2725,2743,2672,2730,2716,10602,22867
lu,2104,2021-01-07,2750,2778,2694,2751,2739,63726,84750
lu,2105,2021-01-07,2757,2787,2718,2769,2757,17798,49304
lu,2106,2021-01-07,2806,2806,2749,2796,2778,1654,1111
lu,2107,2021-01-07,2792,2824,2771,2812,2794,3029,1330
lu,2108,2021-01-07,,,,2764,2764,0,7
lu,2109,2021-01-07,2845,2901,2817,2888,2859,29,257
lu,2110,2021-01-07,,,,2812,2812,0,0
lu,2111,2021-01-07,,,,3004,3004,0,0
lu,2112,2021-01-07,,,,2965,2965,0,1
lu,2201,2021-01-07,,,,2938,2938,0,2
lu,2102,2021-01-08,2615,2683,2595,2678,2636,15,992
lu,2103,2021-01-08,2722,2753,2688,2730,2718,13914,18867
lu,2104,2021-01-08,2749,2786,2711,2759,2750,56253,87052
lu,2105,2021-01-08,2766,2803,2742,2789,2772,24802,50387
lu,2106,2021-01-08,2798,2821,2767,2809,2791,452,1014
lu,2107,2021-01-08,2812,2827,2779,2826,2802,5679,1663
lu,2108,2021-01-08,,,,2764,2764,0,7
lu,2109,2021-01-08,2850,2875,2840,2874,2868,71,256
lu,2110,2021-01-08,,,,2812,2812,0,0
lu,2111,2021-01-08,,,,3004,3004,0,0
lu,2112,2021-01-08,,,,2965,2965,0,1
lu,2201,2021-01-08,,,,2938,2938,0,2
lu,2102,2021-01-11,2670,2670,2670,2670,2670,1,992
lu,2103,2021-01-11,2740,2790,2706,2721,2750,14576,14662
lu,2104,2021-01-11,2779,2821,2566,2754,2775,78691,84980
lu,2105,2021-01-11,2792,2858,2758,2769,2811,35537,52301
lu,2106,2021-01-11,2812,2864,2776,2787,2820,900,976
lu,2107,2021-01-11,2834,2877,2775,2775,2826,1894,1588
lu,2108,2021-01-11,,,,2788,2788,0,7
lu,2109,2021-01-11,2881,2945,2850,2868,2877,64,253
lu,2110,2021-01-11,,,,2812,2812,0,0
lu,2111,2021-01-11,,,,3004,3004,0,0
lu,2112,2021-01-11,,,,2965,2965,0,1
lu,2201,2021-01-11,2983,2983,2906,2918,2935,3,0
lu,2102,2021-01-12,2697,2829,2697,2825,2812,33,961
lu,2103,2021-01-12,2732,2842,2730,2836,2789,11692,11613
lu,2104,2021-01-12,2763,2864,2744,2855,2807,72783,89256
lu,2105,2021-01-12,2783,2866,2767,2865,2817,27287,54707
lu,2106,2021-01-12,2800,2859,2784,2859,2832,949,1061
lu,2107,2021-01-12,2775,2851,2771,2851,2811,6464,2227
lu,2108,2021-01-12,2800,2846,2798,2846,2807,6,13
lu,2109,2021-01-12,2853,2907,2820,2888,2865,33,272
lu,2110,2021-01-12,2923,2923,2923,2923,2923,1,1
lu,2111,2021-01-12,,,,3004,3004,0,0
lu,2112,2021-01-12,,,,3082,3082,0,1
lu,2201,2021-01-12,,,,3050,3050,0,0
lu,2102,2021-01-13,2822,2830,2822,2830,2826,40,921
lu,2103,2021-01-13,2867,2874,2788,2865,2838,4957,11089
lu,2104,2021-01-13,2876,2890,2805,2864,2854,56966,87250
lu,2105,2021-01-13,2875,2897,2822,2874,2867,23434,54799
lu,2106,2021-01-13,2882,2895,2827,2872,2855,264,1033
lu,2107,2021-01-13,2873,2884,2818,2873,2850,3202,2161
lu,2108,2021-01-13,,,,2846,2846,0,13
lu,2109,2021-01-13,2872,2930,2861,2891,2879,56,270
lu,2110,2021-01-13,,,,2937,2937,0,1
lu,2111,2021-01-13,2950,2950,2908,2939,2932,3,1
lu,2112,2021-01-13,,,,3008,3008,0,1
lu,2201,2021-01-13,,,,2977,2977,0,0
lu,2102,2021-01-14,,,,2826,2826,0,921
lu,2103,2021-01-14,2850,2877,2795,2822,2827,3742,10413
lu,2104,2021-01-14,2852,2885,2800,2849,2841,42879,88656
lu,2105,2021-01-14,2853,2898,2817,2858,2854,18549,56545
lu,2106,2021-01-14,2861,2888,2819,2865,2853,319,1013
lu,2107,2021-01-14,2867,2879,2810,2825,2854,4034,2149
lu,2108,2021-01-14,,,,2850,2850,0,13
lu,2109,2021-01-14,2903,2903,2862,2896,2881,21,265
lu,2110,2021-01-14,2887,2887,2887,2887,2887,1,2
lu,2111,2021-01-14,2981,2981,2981,2981,2981,1,1
lu,2112,2021-01-14,,,,3058,3058,0,1
lu,2201,2021-01-14,,,,2977,2977,0,0
lu,2102,2021-01-15,,,,2826,2826,0,921
lu,2103,2021-01-15,2812,2893,2799,2817,2835,4767,10838
lu,2104,2021-01-15,2842,2918,2814,2842,2857,52545,90380
lu,2105,2021-01-15,2850,2930,2827,2849,2868,21075,58834
lu,2106,2021-01-15,2860,2910,2833,2854,2886,1552,1258
lu,2107,2021-01-15,2825,2900,2821,2835,2864,3981,1830
lu,2108,2021-01-15,2855,2855,2855,2855,2855,2,13
lu,2109,2021-01-15,2873,2935,2865,2876,2898,50,249
lu,2110,2021-01-15,,,,2904,2904,0,2
lu,2111,2021-01-15,,,,2981,2981,0,1
lu,2112,2021-01-15,,,,3076,3076,0,1
lu,2201,2021-01-15,,,,2977,2977,0,0
lu,2102,2021-01-18,,,,2826,2826,0,921
lu,2103,2021-01-18,2817,2847,2788,2830,2819,3082,10247
lu,2104,2021-01-18,2837,2868,2805,2858,2844,48788,96518
lu,2105,2021-01-18,2862,2873,2820,2860,2848,19235,61547
lu,2106,2021-01-18,2854,2875,2837,2869,2858,2736,1211
lu,2107,2021-01-18,2855,2879,2835,2835,2856,3157,1631
lu,2108,2021-01-18,,,,2855,2855,0,13
lu,2109,2021-01-18,2896,2915,2872,2895,2893,34,247
lu,2110,2021-01-18,,,,2904,2904,0,2
lu,2111,2021-01-18,,,,2981,2981,0,1
lu,2112,2021-01-18,,,,3070,3070,0,1
lu,2201,2021-01-18,,,,2977,2977,0,0
lu,2102,2021-01-19,2771,2826,2714,2714,2761,18,907
lu,2103,2021-01-19,2821,2888,2807,2817,2838,2910,10149
lu,2104,2021-01-19,2852,2905,2831,2845,2860,42155,97700
lu,2105,2021-01-19,2855,2896,2836,2848,2861,17043,62516
lu,2106,2021-01-19,2862,2894,2843,2854,2875,1286,1210
lu,2107,2021-01-19,2842,2889,2841,2860,2853,1098,1438
lu,2108,2021-01-19,,,,2855,2855,0,13
lu,2109,2021-01-19,2926,2927,2883,2887,2905,6,245
lu,2110,2021-01-19,2935,2937,2935,2936,2936,3,4
lu,2111,2021-01-19,,,,2981,2981,0,1
lu,2112,2021-01-19,,,,3103,3103,0,1
lu,2201,2021-01-19,,,,2977,2977,0,0
lu,2102,2021-01-20,2761,2800,2715,2797,2770,129,796
lu,2103,2021-01-20,2819,2903,2811,2885,2864,5008,8846
lu,2104,2021-01-20,2841,2928,2838,2913,2887,52983,104483
lu,2105,2021-01-20,2848,2921,2845,2913,2888,19740,64652
lu,2106,2021-01-20,2856,2924,2854,2911,2882,2244,1201
lu,2107,2021-01-20,2867,2921,2860,2918,2888,5362,1797
lu,2108,2021-01-20,,,,2890,2890,0,13
lu,2109,2021-01-20,2943,2961,2897,2938,2923,21,246
lu,2110,2021-01-20,,,,2936,2936,0,4
lu,2111,2021-01-20,,,,2981,2981,0,1
lu,2112,2021-01-20,,,,3122,3122,0,1
lu,2201,2021-01-20,,,,2995,2995,0,0
lu,2102,2021-01-21,,,,2770,2770,0,796
lu,2103,2021-01-21,2884,2893,2807,2821,2830,1581,8812
lu,2104,2021-01-21,2915,2922,2830,2849,2862,44789,101444
lu,2105,2021-01-21,2911,2915,2838,2857,2865,17380,63723
lu,2106,2021-01-21,2903,2914,2844,2855,2855,748,1127
lu,2107,2021-01-21,2918,2918,2840,2862,2884,1329,1509
lu,2108,2021-01-21,2871,2871,2871,2871,2871,1,13
lu,2109,2021-01-21,2903,2932,2870,2932,2896,28,240
lu,2110,2021-01-21,,,,2909,2909,0,4
lu,2111,2021-01-21,,,,2981,2981,0,1
lu,2112,2021-01-21,,,,3093,3093,0,1
lu,2201,2021-01-21,,,,2967,2967,0,0
lu,2102,2021-01-22,2715,2715,2715,2715,2715,10,786
lu,2103,2021-01-22,2822,2832,2760,2780,2789,2523,8974
lu,2104,2021-01-22,2839,2862,2789,2804,2821,51115,99065
lu,2105,2021-01-22,2857,2868,2780,2790,2821,19853,63947
lu,2106,2021-01-22,2855,2871,2800,2803,2846,1287,1182
lu,2107,2021-01-22,2857,2861,2804,2818,2838,847,1603
lu,2108,2021-01-22,,,,2825,2825,0,13
lu,2109,2021-01-22,2898,2898,2859,2860,2873,40,244
lu,2110,2021-01-22,,,,2886,2886,0,4
lu,2111,2021-01-22,,,,2981,2981,0,1
lu,2112,2021-01-22,,,,3069,3069,0,1
lu,2201,2021-01-22,,,,2944,2944,0,0
lu,2102,2021-01-25,,,,2715,2715,0,786
lu,2103,2021-01-25,2761,2786,2720,2758,2756,1499,8829
lu,2104,2021-01-25,2778,2818,2745,2790,2788,42849,95903
lu,2105,2021-01-25,2771,2816,2739,2799,2790,26552,65233
lu,2106,2021-01-25,2797,2822,2733,2796,2793,931,1182
lu,2107,2021-01-25,2808,2823,2758,2805,2799,814,1641
lu,2108,2021-01-25,,,,2825,2825,0,13
lu,2109,2021-01-25,2820,2871,2803,2839,2835,13,242
lu,2110,2021-01-25,,,,2886,2886,0,4
lu,2111,2021-01-25,2894,2894,2894,2894,2894,1,0
lu,2112,2021-01-25,,,,2979,2979,0,1
lu,2201,2021-01-25,2986,2986,2860,2860,2923,2,1
lu,2102,2021-01-26,,,,2715,2715,0,786
lu,2103,2021-01-26,2754,2826,2754,2774,2787,2875,8880
lu,2104,2021-01-26,2800,2841,2776,2804,2808,39272,91207
lu,2105,2021-01-26,2796,2846,2777,2806,2814,28182,66380
lu,2106,2021-01-26,2802,2836,2778,2809,2815,348,1177
lu,2107,2021-01-26,2805,2837,2773,2811,2796,3463,1789
lu,2108,2021-01-26,2836,2849,2788,2812,2830,2972,802
lu,2109,2021-01-26,2824,2866,2819,2840,2835,87,243
lu,2110,2021-01-26,,,,2886,2886,0,4
lu,2111,2021-01-26,,,,2894,2894,0,0
lu,2112,2021-01-26,,,,2979,2979,0,1
lu,2201,2021-01-26,,,,2923,2923,0,1
lu,2102,2021-01-27,,,,2809,2809,0,786
lu,2103,2021-01-27,2805,2828,2777,2826,2811,1807,8831
lu,2104,2021-01-27,2823,2865,2806,2851,2832,28557,87698
lu,2105,2021-01-27,2830,2864,2815,2864,2840,20326,70688
lu,2106,2021-01-27,2846,2859,2821,2857,2843,458,1243
lu,2107,2021-01-27,2827,2863,2812,2859,2841,664,1593
lu,2108,2021-01-27,2822,2862,2777,2858,2836,2525,812
lu,2109,2021-01-27,2841,2889,2836,2888,2864,17,245
lu,2110,2021-01-27,,,,2886,2886,0,4
lu,2111,2021-01-27,,,,2923,2923,0,0
lu,2112,2021-01-27,,,,2979,2979,0,1
lu,2201,2021-01-27,,,,2923,2923,0,1
lu,2102,2021-01-28,2808,2810,2802,2810,2808,600,786
lu,2103,2021-01-28,2826,2826,2758,2790,2786,676,8724
lu,2104,2021-01-28,2844,2846,2790,2818,2818,36927,79136
lu,2105,2021-01-28,2846,2854,2797,2835,2832,25626,74544
lu,2106,2021-01-28,2846,2851,2811,2832,2839,485,1252
lu,2107,2021-01-28,2845,2855,2811,2830,2830,420,1484
lu,2108,2021-01-28,2854,2857,2814,2829,2840,1828,720
lu,2109,2021-01-28,2861,2888,2822,2841,2842,62,227
lu,2110,2021-01-28,,,,2886,2886,0,4
lu,2111,2021-01-28,,,,2923,2923,0,0
lu,2112,2021-01-28,,,,2957,2957,0,1
lu,2201,2021-01-28,,,,2923,2923,0,1
lu,2102,2021-01-29,,,,2808,2808,0,786
lu,2103,2021-01-29,2796,2849,2749,2769,2788,2503,7104
lu,2104,2021-01-29,2824,2877,2786,2798,2822,60896,53309
lu,2105,2021-01-29,2842,2891,2805,2821,2839,29883,78890
lu,2106,2021-01-29,2834,2886,2808,2824,2846,848,1351
lu,2107,2021-01-29,2834,2887,2811,2834,2838,424,1364
lu,2108,2021-01-29,2831,2888,2811,2833,2844,2411,678
lu,2109,2021-01-29,2875,2901,2821,2843,2852,11,222
lu,2110,2021-01-29,,,,2886,2886,0,4
lu,2111,2021-01-29,,,,2933,2933,0,0
lu,2112,2021-01-29,,,,2967,2967,0,1
lu,2201,2021-01-29,,,,2923,2923,0,1
lu,2103,2021-02-01,2794,2821,2746,2805,2791,623,7028
lu,2104,2021-02-01,2813,2849,2770,2834,2814,46099,42391
lu,2105,2021-02-01,2832,2863,2783,2844,2827,37396,89445
lu,2106,2021-02-01,2835,2856,2789,2842,2816,1413,1710
lu,2107,2021-02-01,2822,2859,2789,2834,2826,402,1365
lu,2108,2021-02-01,2824,2883,2800,2820,2845,2427,841
lu,2109,2021-02-01,2865,2896,2817,2860,2853,17,217
lu,2110,2021-02-01,,,,2886,2886,0,4
lu,2111,2021-02-01,,,,2933,2933,0,0
lu,2112,2021-02-01,,,,2968,2968,0,1
lu,2201,2021-02-01,,,,2923,2923,0,1
lu,2202,2021-02-01,,,,2924,2924,0,0
lu,2103,2021-02-02,2824,2930,2811,2930,2868,1004,7200
lu,2104,2021-02-02,2842,2942,2826,2942,2896,32810,42440
lu,2105,2021-02-02,2858,2956,2841,2939,2915,43358,95959
lu,2106,2021-02-02,2842,2947,2841,2930,2897,564,1652
lu,2107,2021-02-02,2858,2945,2838,2935,2871,675,1393
lu,2108,2021-02-02,2842,2964,2836,2925,2897,1976,806
lu,2109,2021-02-02,2899,2957,2899,2942,2936,44,204
lu,2110,2021-02-02,,,,2970,2970,0,4
lu,2111,2021-02-02,,,,3018,3018,0,0
lu,2112,2021-02-02,,,,3054,3054,0,1
lu,2201,2021-02-02,,,,3008,3008,0,1
lu,2202,2021-02-02,,,,3009,3009,0,0
lu,2103,2021-02-03,2941,2998,2904,2904,2918,782,7026
lu,2104,2021-02-03,2956,2980,2915,2933,2937,22251,37772
lu,2105,2021-02-03,2977,2990,2932,2952,2956,42255,101795
lu,2106,2021-02-03,2968,2968,2932,2955,2951,613,1752
lu,2107,2021-02-03,2963,2970,2936,2947,2952,107,1390
lu,2108,2021-02-03,2961,2999,2938,2980,2950,1659,912
lu,2109,2021-02-03,2970,2981,2950,2977,2967,15,211
lu,2110,2021-02-03,,,,2970,2970,0,4
lu,2111,2021-02-03,,,,3018,3018,0,0
lu,2112,2021-02-03,3028,3028,3020,3020,3024,4,5
lu,2201,2021-02-03,,,,3008,3008,0,1
lu,2202,2021-02-03,,,,2979,2979,0,0
lu,2103,2021-02-04,2904,2975,2904,2933,2942,668,6842
lu,2104,2021-02-04,2943,2996,2925,2958,2957,17082,35615
lu,2105,2021-02-04,2953,3009,2943,2974,2974,53721,104762
lu,2106,2021-02-04,2971,3003,2948,2980,2976,2031,1790
lu,2107,2021-02-04,2968,3005,2949,2968,2964,1690,1339
lu,2108,2021-02-04,2979,3005,2947,2989,2983,1825,879
lu,2109,2021-02-04,2972,3000,2970,2995,2973,82,212
lu,2110,2021-02-04,,,,2976,2976,0,4
lu,2111,2021-02-04,,,,3024,3024,0,0
lu,2112,2021-02-04,3009,3051,3009,3030,3030,3,6
lu,2201,2021-02-04,,,,3013,3013,0,1
lu,2202,2021-02-04,,,,2984,2984,0,0
lu,2103,2021-02-05,2933,2990,2930,2976,2974,469,6805
lu,2104,2021-02-05,2955,3022,2955,3012,2999,14754,33925
lu,2105,2021-02-05,2966,3038,2966,3025,3009,52379,109844
lu,2106,2021-02-05,2980,3028,2973,3028,3002,514,1728
lu,2107,2021-02-05,2968,3025,2966,3021,2996,330,1247
lu,2108,2021-02-05,2990,3033,2966,3027,3004,3021,959
lu,2109,2021-02-05,3036,3048,3030,3048,3037,4,214
lu,2110,2021-02-05,,,,3040,3040,0,4
lu,2111,2021-02-05,,,,3089,3089,0,0
lu,2112,2021-02-05,,,,3030,3030,0,6
lu,2201,2021-02-05,3081,3081,3081,3081,3081,1,2
lu,2202,2021-02-05,,,,2984,2984,0,0
lu,2103,2021-02-08,3003,3096,2933,3065,3034,2334,5444
lu,2104,2021-02-08,3022,3081,3022,3056,3049,18153,34637
lu,2105,2021-02-08,3040,3087,3030,3045,3054,60548,112062
lu,2106,2021-02-08,3039,3084,3022,3025,3037,1064,1656
lu,2107,2021-02-08,3045,3071,3025,3039,3038,997,1210
lu,2108,2021-02-08,3027,3077,3027,3040,3040,2756,895
lu,2109,2021-02-08,3046,3123,3046,3057,3061,13,219
lu,2110,2021-02-08,3064,3067,3064,3067,3065,2,6
lu,2111,2021-02-08,,,,3089,3089,0,0
lu,2112,2021-02-08,,,,3055,3055,0,6
lu,2201,2021-02-08,,,,3081,3081,0,2
lu,2202,2021-02-08,3203,3203,3203,3203,3203,1,1
lu,2103,2021-02-09,3050,3179,3050,3164,3150,497,5044
lu,2104,2021-02-09,3061,3162,3061,3145,3124,11806,33962
lu,2105,2021-02-09,3056,3148,3054,3120,3109,55596,104976
lu,2106,2021-02-09,3025,3118,3025,3108,3077,419,1666
lu,2107,2021-02-09,3042,3111,3042,3099,3079,1982,1320
lu,2108,2021-02-09,3040,3123,3040,3105,3085,3048,725
lu,2109,2021-02-09,3052,3136,3052,3121,3108,12,221
lu,2110,2021-02-09,,,,3065,3065,0,6
lu,2111,2021-02-09,3126,3126,3123,3123,3124,3,3
lu,2112,2021-02-09,3095,3095,3095,3095,3095,1,7
lu,2201,2021-02-09,3099,3099,3097,3097,3098,2,3
lu,2202,2021-02-09,,,,3203,3203,0,1
lu,2103,2021-02-10,3166,3298,3096,3135,3126,542,4516
lu,2104,2021-02-10,3123,3129,3063,3088,3098,12327,32632
lu,2105,2021-02-10,3107,3117,3033,3055,3073,45068,98700
lu,2106,2021-02-10,3072,3079,3020,3046,3052,937,1569
lu,2107,2021-02-10,3094,3094,3011,3026,3042,868,1290
lu,2108,2021-02-10,3105,3105,2994,3078,3054,1799,693
lu,2109,2021-02-10,3083,3101,3013,3046,3062,18,224
lu,2110,2021-02-10,,,,3065,3065,0,6
lu,2111,2021-02-10,3070,3070,3070,3070,3070,1,4
lu,2112,2021-02-10,3088,3088,3088,3088,3088,1,6
lu,2201,2021-02-10,,,,3098,3098,0,3
lu,2202,2021-02-10,,,,3195,3195,0,1
lu,2103,2021-02-18,3290,3300,3280,3290,3287,2253,2311
lu,2104,2021-02-18,3229,3291,3229,3253,3268,6762,32103
lu,2105,2021-02-18,3240,3274,3230,3239,3251,38890,98014
lu,2106,2021-02-18,3188,3244,3188,3227,3228,619,1510
lu,2107,2021-02-18,3207,3231,3200,3221,3221,1095,1117
lu,2108,2021-02-18,3210,3264,3202,3222,3234,2857,951
lu,2109,2021-02-18,3262,3321,3223,3260,3253,166,321
lu,2110,2021-02-18,,,,3065,3065,0,6
lu,2111,2021-02-18,,,,3070,3070,0,4
lu,2112,2021-02-18,3200,3200,3200,3200,3200,1,7
lu,2201,2021-02-18,3250,3260,3250,3260,3257,4,7
lu,2202,2021-02-18,,,,3204,3204,0,1
lu,2103,2021-02-19,,,,3287,3287,0,2311
lu,2104,2021-02-19,3259,3273,3144,3205,3209,17494,29241
lu,2105,2021-02-19,3250,3260,3132,3185,3189,62135,100387
lu,2106,2021-02-19,3245,3245,3126,3165,3156,1158,1463
lu,2107,2021-02-19,3231,3231,3117,3154,3173,477,1050
lu,2108,2021-02-19,3222,3244,3108,3155,3194,3728,1122
lu,2109,2021-02-19,3221,3251,3143,3178,3182,462,543
lu,2110,2021-02-19,3227,3227,3227,3227,3227,1,5
lu,2111,2021-02-19,3240,3240,3240,3240,3240,1,5
lu,2112,2021-02-19,3281,3281,3200,3200,3246,8,11
lu,2201,2021-02-19,3200,3200,3170,3170,3185,2,7
lu,2202,2021-02-19,3347,3347,3170,3170,3224,5,3
lu,2103,2021-02-22,3287,3287,3287,3287,3287,10,2301
lu,2104,2021-02-22,3200,3288,3170,3208,3198,10250,28006
lu,2105,2021-02-22,3175,3226,3155,3211,3192,45492,101344
lu,2106,2021-02-22,3165,3207,3144,3198,3166,944,1313
lu,2107,2021-02-22,3155,3205,3135,3175,3162,530,1106
lu,2108,2021-02-22,3155,3220,3133,3175,3176,5007,1227
lu,2109,2021-02-22,3165,3232,3156,3205,3198,126,546
lu,2110,2021-02-22,,,,3227,3227,0,5
lu,2111,2021-02-22,,,,3240,3240,0,5
lu,2112,2021-02-22,,,,3246,3246,0,11
lu,2201,2021-02-22,,,,3200,3200,0,7
lu,2202,2021-02-22,,,,3224,3224,0,3
lu,2103,2021-02-23,3287,3368,3287,3368,3367,235,2066
lu,2104,2021-02-23,3200,3354,3162,3301,3273,12788,23099
lu,2105,2021-02-23,3198,3354,3164,3296,3268,79483,86140
lu,2106,2021-02-23,3184,3339,3152,3273,3215,91,1324
lu,2107,2021-02-23,3168,3285,3145,3280,3174,337,1038
lu,2108,2021-02-23,3179,3333,3141,3310,3208,915,1179
lu,2109,2021-02-23,3175,3345,3160,3322,3272,48,541
lu,2110,2021-02-23,,,,3227,3227,0,5
lu,2111,2021-02-23,,,,3315,3315,0,5
lu,2112,2021-02-23,,,,3321,3321,0,11
lu,2201,2021-02-23,3248,3248,3240,3240,3244,2,8
lu,2202,2021-02-23,,,,3268,3268,0,3
lu,2103,2021-02-24,,,,3367,3367,0,2066
lu,2104,2021-02-24,3294,3303,3221,3241,3264,17244,12177
lu,2105,2021-02-24,3286,3298,3218,3262,3257,52411,69394
lu,2106,2021-02-24,3279,3281,3210,3264,3247,8924,8761
lu,2107,2021-02-24,3268,3278,3213,3245,3239,1401,1322
lu,2108,2021-02-24,3303,3308,3220,3308,3240,1994,1244
lu,2109,2021-02-24,3275,3285,3230,3265,3261,74,575
lu,2110,2021-02-24,3285,3340,3285,3285,3299,4,7
lu,2111,2021-02-24,,,,3388,3388,0,5
lu,2112,2021-02-24,,,,3321,3321,0,11
lu,2201,2021-02-24,,,,3316,3316,0,8
lu,2202,2021-02-24,,,,3340,3340,0,3
lu,2103,2021-02-25,,,,3367,3367,0,2066
lu,2104,2021-02-25,3274,3363,3255,3336,3294,5756,9129
lu,2105,2021-02-25,3309,3365,3266,3357,3322,42013,62660
lu,2106,2021-02-25,3291,3355,3264,3335,3321,7722,12520
lu,2107,2021-02-25,3290,3344,3260,3288,3290,2007,1374
lu,2108,2021-02-25,3308,3338,3259,3280,3290,2609,1319
lu,2109,2021-02-25,3280,3337,3227,3288,3276,296,459
lu,2110,2021-02-25,3285,3285,3284,3284,3284,6,13
lu,2111,2021-02-25,3329,3413,3286,3329,3328,8,3
lu,2112,2021-02-25,,,,3321,3321,0,11
lu,2201,2021-02-25,,,,3258,3258,0,8
lu,2202,2021-02-25,,,,3281,3281,0,3
lu,2103,2021-02-26,,,,3367,3367,0,2066
lu,2104,2021-02-26,3345,3392,3272,3300,3332,3112,8126
lu,2105,2021-02-26,3424,3424,3286,3290,3336,52936,55835
lu,2106,2021-02-26,3358,3366,3285,3294,3319,11004,17948
lu,2107,2021-02-26,3333,3333,3248,3275,3297,1176,1441
lu,2108,2021-02-26,3327,3328,3257,3306,3294,895,1253
lu,2109,2021-02-26,3297,3338,3238,3298,3311,293,557
lu,2110,2021-02-26,3300,3300,3300,3300,3300,3,10
lu,2111,2021-02-26,3322,3322,3322,3322,3322,1,2
lu,2112,2021-02-26,3284,3288,3284,3288,3285,5,6
lu,2201,2021-02-26,3288,3288,3288,3288,3288,7,2
lu,2202,2021-02-26,3274,3288,3274,3288,3281,3,1
lu,2104,2021-03-01,3273,3324,3234,3254,3275,1926,7851
lu,2105,2021-03-01,3280,3342,3241,3266,3292,38931,52692
lu,2106,2021-03-01,3252,3332,3240,3262,3283,12613,22819
lu,2107,2021-03-01,3250,3296,3235,3260,3264,2106,1142
lu,2108,2021-03-01,3297,3297,3241,3280,3270,3279,1191
lu,2109,2021-03-01,3250,3314,3176,3243,3265,181,571
lu,2110,2021-03-01,,,,3300,3300,0,10
lu,2111,2021-03-01,,,,3322,3322,0,2
lu,2112,2021-03-01,,,,3285,3285,0,6
lu,2201,2021-03-01,,,,3288,3288,0,2
lu,2202,2021-03-01,,,,3281,3281,0,1
lu,2203,2021-03-01,,,,3235,3235,0,0
lu,2104,2021-03-02,3254,3261,3081,3098,3142,3651,7420
lu,2105,2021-03-02,3284,3284,3090,3113,3163,47353,46540
lu,2106,2021-03-02,3262,3264,3095,3106,3145,18201,28568
lu,2107,2021-03-02,3254,3254,3072,3073,3150,2129,1040
lu,2108,2021-03-02,3241,3241,3094,3136,3160,5615,1319
lu,2109,2021-03-02,3259,3259,3103,3133,3162,149,613
lu,2110,2021-03-02,3160,3160,3137,3137,3152,3,9
lu,2111,2021-03-02,3178,3178,3150,3155,3165,4,4
lu,2112,2021-03-02,3200,3200,3150,3150,3183,3,6
lu,2201,2021-03-02,3200,3200,3200,3200,3200,1,2
lu,2202,2021-03-02,,,,3281,3281,0,1
lu,2203,2021-03-02,,,,3235,3235,0,0
lu,2104,2021-03-03,3142,3172,3101,3146,3139,1394,7069
lu,2105,2021-03-03,3143,3242,3118,3150,3159,28708,45118
lu,2106,2021-03-03,3152,3186,3119,3148,3153,16407,33975
lu,2107,2021-03-03,3152,3186,3100,3156,3157,1735,972
lu,2108,2021-03-03,3142,3184,3102,3142,3152,3526,1217
lu,2109,2021-03-03,3160,3198,3130,3160,3163,63,609
lu,2110,2021-03-03,,,,3152,3152,0,9
lu,2111,2021-03-03,,,,3165,3165,0,4
lu,2112,2021-03-03,,,,3183,3183,0,6
lu,2201,2021-03-03,,,,3200,3200,0,2
lu,2202,2021-03-03,,,,3282,3282,0,1
lu,2203,2021-03-03,,,,3235,3235,0,0
lu,2104,2021-03-04,3157,3213,3146,3200,3173,751,6783
lu,2105,2021-03-04,3167,3228,3163,3211,3202,25365,45077
lu,2106,2021-03-04,3148,3225,3148,3203,3192,15667,38275
lu,2107,2021-03-04,3166,3228,3153,3197,3194,3048,1264
lu,2108,2021-03-04,3159,3217,3150,3196,3194,1838,1273
lu,2109,2021-03-04,3180,3247,3173,3218,3219,118,634
lu,2110,2021-03-04,3186,3186,3186,3186,3186,1,9
lu,2111,2021-03-04,3220,3220,3220,3220,3220,2,2
lu,2112,2021-03-04,3221,3221,3221,3221,3221,1,5
lu,2201,2021-03-04,,,,3238,3238,0,2
lu,2202,2021-03-04,,,,3282,3282,0,1
lu,2203,2021-03-04,,,,3235,3235,0,0
lu,2104,2021-03-05,3175,3406,3167,3377,3271,2924,6692
lu,2105,2021-03-05,3200,3379,3167,3377,3289,41337,42407
lu,2106,2021-03-05,3201,3365,3178,3362,3282,27699,41909
lu,2107,2021-03-05,3197,3378,3193,3363,3293,2882,1023
lu,2108,2021-03-05,3196,3350,3170,3350,3277,3973,1242
lu,2109,2021-03-05,3201,3326,3190,3320,3271,198,594
lu,2110,2021-03-05,3233,3280,3232,3280,3256,4,11
lu,2111,2021-03-05,,,,3290,3290,0,2
lu,2112,2021-03-05,3186,3280,3186,3280,3209,4,5
lu,2201,2021-03-05,,,,3226,3226,0,2
lu,2202,2021-03-05,,,,3270,3270,0,1
lu,2203,2021-03-05,,,,3235,3235,0,0
lu,2104,2021-03-08,3383,3506,3367,3493,3431,1042,6599
lu,2105,2021-03-08,3399,3530,3387,3502,3464,37425,38130
lu,2106,2021-03-08,3398,3515,3373,3496,3459,30345,48584
lu,2107,2021-03-08,3387,3556,3380,3492,3430,2544,876
lu,2108,2021-03-08,3370,3494,3362,3484,3431,5494,1349
lu,2109,2021-03-08,3340,3493,3310,3492,3414,124,575
lu,2110,2021-03-08,,,,3398,3398,0,11
lu,2111,2021-03-08,,,,3434,3434,0,2
lu,2112,2021-03-08,,,,3349,3349,0,5
lu,2201,2021-03-08,,,,3367,3367,0,2
lu,2202,2021-03-08,,,,3413,3413,0,1
lu,2203,2021-03-08,,,,3353,3353,0,0
lu,2104,2021-03-09,3423,3451,3325,3340,3378,649,6556
lu,2105,2021-03-09,3451,3469,3350,3361,3407,32074,33219
lu,2106,2021-03-09,3464,3476,3355,3368,3409,29686,54014
lu,2107,2021-03-09,3492,3492,3350,3375,3402,1632,929
lu,2108,2021-03-09,3440,3446,3351,3355,3390,1578,1221
lu,2109,2021-03-09,3430,3430,3330,3356,3365,245,539
lu,2110,2021-03-09,3380,3380,3380,3380,3380,1,11
lu,2111,2021-03-09,,,,3415,3415,0,2
lu,2112,2021-03-09,3380,3380,3380,3380,3380,1,5
lu,2201,2021-03-09,,,,3398,3398,0,2
lu,2202,2021-03-09,,,,3413,3413,0,1
lu,2203,2021-03-09,,,,3353,3353,0,0
lu,2104,2021-03-10,3360,3365,3227,3254,3277,786,6574
lu,2105,2021-03-10,3376,3388,3262,3278,3327,29715,31530
lu,2106,2021-03-10,3398,3400,3280,3296,3340,31344,55916
lu,2107,2021-03-10,3382,3393,3282,3298,3355,2446,1101
lu,2108,2021-03-10,3362,3380,3264,3264,3351,4062,1110
lu,2109,2021-03-10,3360,3378,3269,3269,3345,229,500
lu,2110,2021-03-10,3303,3303,3303,3303,3303,1,10
lu,2111,2021-03-10,,,,3337,3337,0,2
lu,2112,2021-03-10,,,,3303,3303,0,5
lu,2201,2021-03-10,,,,3320,3320,0,2
lu,2202,2021-03-10,,,,3335,3335,0,1
lu,2203,2021-03-10,,,,3353,3353,0,0
lu,2104,2021-03-11,3278,3373,3252,3303,3281,1167,6584
lu,2105,2021-03-11,3308,3354,3294,3320,3323,21140,27660
lu,2106,2021-03-11,3335,3385,3310,3331,3335,40714,60206
lu,2107,2021-03-11,3326,3360,3313,3318,3334,1537,1345
lu,2108,2021-03-11,3358,3358,3302,3308,3326,3722,1173
lu,2109,2021-03-11,3300,3339,3300,3337,3317,14,502
lu,2110,2021-03-11,,,,3303,3303,0,10
lu,2111,2021-03-11,,,,3337,3337,0,2
lu,2112,2021-03-11,,,,3303,3303,0,5
lu,2201,2021-03-11,,,,3320,3320,0,2
lu,2202,2021-03-11,,,,3335,3335,0,1
lu,2203,2021-03-11,,,,3353,3353,0,0
lu,2104,2021-03-12,3315,3402,3298,3320,3340,167,6582
lu,2105,2021-03-12,3325,3392,3320,3349,3364,16172,26364
lu,2106,2021-03-12,3354,3407,3345,3360,3379,42773,64366
lu,2107,2021-03-12,3370,3403,3340,3367,3374,3391,1900
lu,2108,2021-03-12,3341,3383,3331,3370,3364,3637,1173
lu,2109,2021-03-12,3330,3381,3330,3362,3355,42,511
lu,2110,2021-03-12,,,,3340,3340,0,10
lu,2111,2021-03-12,,,,3337,3337,0,2
lu,2112,2021-03-12,,,,3340,3340,0,5
lu,2201,2021-03-12,,,,3358,3358,0,2
lu,2202,2021-03-12,,,,3373,3373,0,1
lu,2203,2021-03-12,,,,3353,3353,0,0
lu,2104,2021-03-15,3315,3409,3315,3370,3379,379,6565
lu,2105,2021-03-15,3358,3448,3353,3419,3410,18062,23877
lu,2106,2021-03-15,3348,3462,3348,3440,3422,53489,68467
lu,2107,2021-03-15,3360,3459,3359,3432,3414,2659,2046
lu,2108,2021-03-15,3370,3435,3356,3395,3407,2781,1146
lu,2109,2021-03-15,3349,3420,3337,3383,3381,132,528
lu,2110,2021-03-15,,,,3358,3358,0,10
lu,2111,2021-03-15,,,,3363,3363,0,2
lu,2112,2021-03-15,3387,3387,3387,3387,3387,1,4
lu,2201,2021-03-15,,,,3405,3405,0,2
lu,2202,2021-03-15,,,,3420,3420,0,1
lu,2203,2021-03-15,,,,3353,3353,0,0
lu,2104,2021-03-16,3328,3328,3280,3300,3296,611,6990
lu,2105,2021-03-16,3369,3385,3292,3314,3319,13062,24150
lu,2106,2021-03-16,3409,3410,3310,3332,3339,50472,70406
lu,2107,2021-03-16,3407,3407,3307,3327,3336,2852,2073
lu,2108,2021-03-16,3380,3380,3288,3315,3316,2506,1085
lu,2109,2021-03-16,3350,3351,3278,3306,3308,31,521
lu,2110,2021-03-16,,,,3358,3358,0,10
lu,2111,2021-03-16,,,,3363,3363,0,2
lu,2112,2021-03-16,,,,3387,3387,0,4
lu,2201,2021-03-16,,,,3405,3405,0,2
lu,2202,2021-03-16,,,,3420,3420,0,1
lu,2203,2021-03-16,,,,3353,3353,0,0
lu,2104,2021-03-17,3280,3488,3271,3325,3311,101,6967
lu,2105,2021-03-17,3314,3344,3266,3338,3301,10672,21431
lu,2106,2021-03-17,3333,3358,3281,3354,3316,41551,73515
lu,2107,2021-03-17,3314,3351,3279,3331,3309,1566,2123
lu,2108,2021-03-17,3282,3335,3267,3326,3307,1698,1232
lu,2109,2021-03-17,3270,3377,3233,3320,3301,291,592
lu,2110,2021-03-17,3314,3314,3314,3314,3314,1,10
lu,2111,2021-03-17,,,,3363,3363,0,2
lu,2112,2021-03-17,,,,3342,3342,0,4
lu,2201,2021-03-17,,,,3360,3360,0,2
lu,2202,2021-03-17,,,,3375,3375,0,1
lu,2203,2021-03-17,,,,3353,3353,0,0
lu,2104,2021-03-18,3278,3282,3186,3186,3253,1082,6543
lu,2105,2021-03-18,3288,3313,3235,3254,3266,10013,18911
lu,2106,2021-03-18,3325,3328,3245,3260,3283,47526,73726
lu,2107,2021-03-18,3277,3319,3241,3258,3287,2616,2020
lu,2108,2021-03-18,3299,3310,3234,3265,3289,2841,1282
lu,2109,2021-03-18,3308,3320,3219,3255,3251,209,607
lu,2110,2021-03-18,,,,3314,3314,0,10
lu,2111,2021-03-18,,,,3312,3312,0,2
lu,2112,2021-03-18,,,,3292,3292,0,4
lu,2201,2021-03-18,,,,3309,3309,0,2
lu,2202,2021-03-18,,,,3324,3324,0,1
lu,2203,2021-03-18,,,,3353,3353,0,0
lu,2104,2021-03-19,3196,3196,2992,2992,3059,258,6492
lu,2105,2021-03-19,3227,3265,3031,3043,3105,16154,16164
lu,2106,2021-03-19,3232,3266,3036,3042,3136,89032,73347
lu,2107,2021-03-19,3237,3258,3039,3051,3126,7323,2672
lu,2108,2021-03-19,3238,3252,3041,3041,3131,1938,1517
lu,2109,2021-03-19,3248,3259,3051,3070,3127,270,557
lu,2110,2021-03-19,3070,3110,3070,3079,3087,5,10
lu,2111,2021-03-19,,,,3085,3085,0,2
lu,2112,2021-03-19,,,,3066,3066,0,4
lu,2201,2021-03-19,,,,3082,3082,0,2
lu,2202,2021-03-19,,,,3096,3096,0,1
lu,2203,2021-03-19,,,,3304,3304,0,0
lu,2104,2021-03-22,3017,3125,3017,3125,3101,132,6615
lu,2105,2021-03-22,3053,3169,3042,3161,3107,14157,14599
lu,2106,2021-03-22,3040,3170,3040,3155,3108,62170,72752
lu,2107,2021-03-22,3062,3174,3050,3165,3109,4054,3613
lu,2108,2021-03-22,3066,3181,3061,3168,3119,1265,1388
lu,2109,2021-03-22,3070,3183,3060,3156,3112,211,657
lu,2110,2021-03-22,3088,3118,3088,3117,3107,3,9
lu,2111,2021-03-22,,,,3105,3105,0,2
lu,2112,2021-03-22,3098,3130,3098,3130,3114,2,2
lu,2201,2021-03-22,,,,3130,3130,0,2
lu,2202,2021-03-22,,,,3144,3144,0,1
lu,2203,2021-03-22,,,,3304,3304,0,0
lu,2104,2021-03-23,3095,3095,3089,3089,3091,6,6615
lu,2105,2021-03-23,3162,3174,3096,3110,3133,5558,13900
lu,2106,2021-03-23,3149,3185,3111,3132,3144,38335,71440
lu,2107,2021-03-23,3156,3189,3119,3142,3157,1536,3545
lu,2108,2021-03-23,3163,3184,3129,3139,3166,1137,1436
lu,2109,2021-03-23,3150,3180,3140,3145,3156,20,661
lu,2110,2021-03-23,3154,3154,3154,3154,3154,2,7
lu,2111,2021-03-23,,,,3151,3151,0,2
lu,2112,2021-03-23,,,,3161,3161,0,2
lu,2201,2021-03-23,,,,3130,3130,0,2
lu,2202,2021-03-23,,,,3144,3144,0,1
lu,2203,2021-03-23,,,,3304,3304,0,0
lu,2104,2021-03-24,2920,2920,2920,2920,2920,100,6615
lu,2105,2021-03-24,3047,3068,2962,3027,3010,8740,13355
lu,2106,2021-03-24,3033,3083,2985,3038,3026,70427,67595
lu,2107,2021-03-24,3074,3098,2993,3040,3042,2000,3983
lu,2108,2021-03-24,3098,3098,3001,3068,3063,3283,1596
lu,2109,2021-03-24,3099,3112,3030,3093,3065,101,690
lu,2110,2021-03-24,3050,3051,3050,3051,3050,3,7
lu,2111,2021-03-24,,,,3047,3047,0,2
lu,2112,2021-03-24,,,,3057,3057,0,2
lu,2201,2021-03-24,,,,3027,3027,0,2
lu,2202,2021-03-24,,,,3040,3040,0,1
lu,2203,2021-03-24,,,,3304,3304,0,0
lu,2104,2021-03-25,,,,2920,2920,0,6615
lu,2105,2021-03-25,3061,3108,3047,3066,3070,4739,12546
lu,2106,2021-03-25,3068,3120,3060,3088,3084,55575,59382
lu,2107,2021-03-25,3071,3113,3065,3092,3088,1059,4245
lu,2108,2021-03-25,3088,3131,3084,3102,3101,562,1527
lu,2109,2021-03-25,3110,3140,3100,3132,3117,77,736
lu,2110,2021-03-25,3101,3101,3101,3101,3101,1,7
lu,2111,2021-03-25,,,,3047,3047,0,2
lu,2112,2021-03-25,,,,3108,3108,0,2
lu,2201,2021-03-25,,,,3077,3077,0,2
lu,2202,2021-03-25,,,,3090,3090,0,1
lu,2203,2021-03-25,,,,3304,3304,0,0
lu,2104,2021-03-26,3022,3022,3022,3022,3022,11,6605
lu,2105,2021-03-26,3043,3066,2997,3062,3041,4952,11719
lu,2106,2021-03-26,3060,3074,3011,3074,3055,62960,36579
lu,2107,2021-03-26,3078,3078,3020,3073,3064,13497,13646
lu,2108,2021-03-26,3092,3094,3040,3090,3073,860,1453
lu,2109,2021-03-26,3090,3104,3051,3090,3082,5295,1213
lu,2110,2021-03-26,3098,3098,3098,3098,3098,1,7
lu,2111,2021-03-26,,,,3047,3047,0,2
lu,2112,2021-03-26,,,,3108,3108,0,2
lu,2201,2021-03-26,,,,3077,3077,0,2
lu,2202,2021-03-26,,,,3090,3090,0,1
lu,2203,2021-03-26,,,,3304,3304,0,0
